"","Grape.MAC.Address","2017-03-22","2017-03-23","2017-03-24","2017-03-25","2017-03-26","2017-03-27","2017-03-28","2017-03-29","2017-03-30","2017-03-31","2017-04-01","2017-04-02","2017-04-03","2017-04-04","2017-04-05","2017-04-06","2017-04-07","2017-04-08","2017-04-09","2017-04-10","2017-04-11","2017-04-12","2017-04-13","2017-04-14","2017-04-15","2017-04-16","2017-04-17","2017-04-18","2017-04-19","2017-04-20","2017-04-21","2017-04-22","2017-04-23","2017-04-24","2017-04-25","2017-04-26","2017-04-28","2017-04-30","2017-05-01","2017-05-02","2017-05-03","2017-05-04","2017-05-05","2017-05-06","2017-05-07","2017-05-08","2017-05-09","2017-05-10","2017-05-13","2017-05-14","2017-05-15","2017-05-16","2017-05-17","2017-05-18","2017-05-19","2017-05-20","2017-05-21","2017-05-22","2017-05-23","2017-05-24","2017-05-25","2017-05-26","2017-05-27","2017-05-28","2017-05-29","2017-05-30","2017-05-31","2017-06-01","2017-06-02","2017-06-03","2017-06-04","2017-06-05","2017-06-06","2017-06-07","2017-06-08","2017-06-09","2017-06-10","2017-06-11","2017-06-12","2017-06-13","2017-06-14","2017-06-15","2017-06-16","2017-06-17","2017-06-18","2017-06-19","2017-06-20","2017-06-21","2017-06-22","2017-06-23","2017-06-24","2017-06-25","2017-06-26","2017-06-27","2017-06-28","2017-06-29","2017-06-30","2017-07-01","2017-07-02","2017-07-03","2017-07-04","2017-07-05","2017-07-06","2017-07-07","2017-07-08","2017-07-09","2017-07-10","2017-07-11","2017-07-12","2017-07-13","2017-07-14","2017-07-15","2017-07-16","2017-07-17","2017-07-18","2017-07-19","2017-07-20","2017-07-21","2017-07-22","2017-07-23","2017-07-24","2017-07-25","2017-07-26","2017-07-27","2017-07-28","2017-07-29","2017-07-30","2017-07-31","2017-08-01","2017-08-02","2017-08-03","2017-08-04","2017-08-05","2017-08-06","2017-08-07"
"1","7CE044000240",0.9991,0.9991,0.9991,0.9991,0.9991,0.9991,0.9991,0.9991,0.9991,0.9991,0.9991,0.9991,0.9991,0.9991,0.9991,0.9991,0.9991,0.9991,0.9991,0.9991,0.7596,0.426,0.9991,0.9991,0.9991,0.9991,0.9991,0.9991,0.9991,0.9991,0.9991,0.999,0.9991,0.9991,0.9617,0.9986,0.9778,0.9991,0.9991,0.9983,0.9991,0.9991,0.9991,0.9991,0.9991,0.999,0.9991,0.999,NA,NA,NA,NA,NA,NA,0,0.9991,0.977,0.9982,0.9991,0.9991,0.9991,0.999,0.9991,0.9991,0.999,0.999,0.9991,0.9991,0.9991,0.999,0.9991,0.9991,0.9991,0.9991,0.9978,0.9991,0.9991,0.9991,0.9991,0.9991,0.9991,0.999,0.9991,0.9991,0.9991,0.9991,0.9991,0.9991,0.9982,0.9991,0.9991,0.9991,0.9991,0.9991,0.999,0.999,0.9991,0.9991,0.9991,0.999,0.999,0.999,0.999,0.9991,NA,NA,NA,NA,NA,NA,NA,NA,NA,NA,NA,NA,NA,NA,NA,NA,NA,NA,NA,NA,NA,NA,NA,NA,NA,NA,NA,NA,NA,NA,NA
"2","7CE044000300",0.9991,0.9991,0.9991,0.9991,0.9991,0.9991,0.9991,0.9991,0.9991,0.9991,0.9991,0.9991,0.9991,0.9991,0.9991,0.9991,0.9991,0.9991,0.9991,0.9991,0.7603,0.4271,0.9991,0.9991,0.9991,0.9991,0.9991,0.9991,0.9991,0.9991,0.9991,0.9991,0.9991,0.9991,0.9617,0.9985,NA,NA,NA,NA,NA,NA,NA,NA,NA,NA,NA,NA,0,0.8511,0.9991,0.9991,0.9991,0.9991,0.9991,0.9991,0.9991,0.9991,0.9991,0.9991,0.9991,0.9991,0.9991,0.9991,0.9991,0.9991,0.9991,0.9991,0.9987,0.9991,0.9991,0.9991,0.9991,0.9991,0.9991,0.9991,0.9991,0.9991,0.9991,0.9991,0.9991,0.9991,0.9991,0.9991,0.9991,0.9991,0.9991,0.9991,0.9991,0.9991,0.9991,0.9991,0.9991,0.9991,0.9991,0.999,0.9991,0.9991,0.9991,0.9991,0.9991,0.9991,0.9983,0.9991,NA,NA,NA,NA,NA,NA,NA,NA,NA,NA,NA,NA,NA,NA,NA,NA,NA,NA,NA,NA,NA,NA,NA,NA,NA,NA,NA,NA,NA,NA,NA
"3","7CE044001193",0.9991,0.9991,0.9991,0.9991,0.9991,0.9991,0.9991,0.9991,0.9991,0.9991,0.9991,0.9991,0.9991,0.9991,0.9991,0.9991,0.9991,0.9991,0.9991,0.9991,0.7603,0.4269,0.9991,0.9979,0.9991,0.9991,0.9991,0.9991,0.9991,0.9991,0.9991,0.9991,0.9991,0.9991,0.9132,0.9986,0.982,0.9991,0.9991,0.9991,0.9991,0.9991,0.9917,0.9978,0.9991,0.9991,0.9991,0.9991,NA,NA,NA,NA,NA,NA,0.8314,0.9991,0.9692,0.9991,0.9991,0.9991,0.9881,0.9991,1.0001,1,1,1,1,1,0.999,0.9991,0.9991,0.9991,0.9991,0.9991,0.9991,0.9991,0.9991,0.9991,0.9991,0.9991,0.9991,0.9991,0.9991,0.9991,0.9991,0.9991,0.9991,0.9991,0.9991,0.9987,0.9991,0.9991,0.9991,0.9991,0.9991,0.999,0.9991,0.9991,0.9991,0.9983,0.9991,0.9991,0.9991,0.9991,NA,NA,NA,NA,NA,NA,NA,NA,NA,NA,NA,NA,NA,NA,NA,NA,NA,NA,NA,NA,NA,NA,NA,NA,NA,NA,NA,NA,NA,NA,NA
"4","7CE044001197",0.9991,0.9991,0.9991,0.9991,0.9991,0.9991,0.9991,0.9989,NA,NA,NA,NA,NA,NA,NA,NA,NA,NA,NA,NA,NA,NA,NA,NA,NA,NA,NA,NA,NA,NA,NA,NA,NA,NA,NA,NA,NA,NA,NA,NA,NA,NA,NA,NA,NA,NA,NA,NA,NA,NA,NA,NA,NA,NA,NA,NA,NA,NA,NA,NA,NA,NA,NA,NA,NA,NA,NA,NA,NA,NA,NA,NA,NA,NA,NA,NA,NA,NA,NA,NA,NA,NA,NA,NA,NA,NA,NA,NA,NA,NA,NA,NA,NA,NA,NA,NA,NA,NA,NA,NA,NA,NA,NA,NA,NA,NA,NA,NA,NA,NA,NA,NA,NA,NA,NA,NA,NA,NA,NA,NA,NA,NA,NA,NA,NA,NA,NA,NA,NA,NA,NA,NA,NA,NA,NA
"5","7CE044001364",0.9991,0.9991,0.9991,0.9991,0.9991,0.9991,0.9991,0.9991,NA,NA,NA,NA,NA,NA,NA,NA,NA,NA,NA,NA,NA,NA,NA,NA,NA,NA,NA,NA,NA,NA,NA,NA,NA,NA,NA,NA,NA,NA,NA,NA,NA,NA,NA,NA,NA,NA,NA,NA,NA,NA,NA,NA,NA,NA,NA,NA,NA,NA,NA,NA,NA,NA,NA,NA,NA,NA,NA,NA,NA,NA,NA,NA,NA,NA,NA,NA,NA,NA,NA,NA,NA,NA,NA,NA,NA,NA,NA,NA,NA,NA,NA,NA,NA,NA,NA,NA,NA,NA,NA,NA,NA,NA,NA,NA,NA,NA,NA,NA,NA,NA,NA,NA,NA,NA,NA,NA,NA,NA,NA,NA,NA,NA,NA,NA,NA,NA,NA,NA,NA,NA,NA,NA,NA,NA,NA
"6","7CE044001365",0.9991,0.9991,0.9991,0.9991,0.9991,0.9991,0.9991,0.999,NA,NA,NA,NA,NA,NA,NA,NA,NA,NA,NA,NA,NA,NA,NA,NA,NA,NA,NA,NA,NA,NA,NA,NA,NA,NA,NA,NA,NA,NA,NA,NA,NA,NA,NA,NA,NA,NA,NA,NA,NA,NA,NA,NA,NA,NA,NA,NA,NA,NA,NA,NA,NA,NA,NA,NA,NA,NA,NA,NA,NA,NA,NA,NA,NA,NA,NA,NA,NA,NA,NA,NA,NA,NA,NA,NA,NA,NA,NA,NA,NA,NA,NA,NA,NA,NA,NA,NA,NA,NA,NA,NA,NA,NA,NA,NA,NA,NA,NA,NA,NA,NA,NA,NA,NA,NA,NA,NA,NA,NA,NA,NA,NA,NA,NA,NA,NA,NA,NA,NA,NA,NA,NA,NA,NA,NA,NA
"7","7CE044001382",0.9991,0.9991,0.9991,0.9991,0.9991,0.9991,0.9991,0.999,NA,NA,NA,NA,NA,NA,NA,NA,NA,NA,NA,NA,NA,NA,NA,NA,NA,NA,NA,NA,NA,NA,NA,NA,NA,NA,NA,NA,NA,NA,NA,NA,NA,NA,NA,NA,NA,NA,NA,NA,NA,NA,NA,NA,NA,NA,NA,NA,NA,NA,NA,NA,NA,NA,NA,NA,NA,NA,NA,NA,NA,NA,NA,NA,NA,NA,NA,NA,NA,NA,NA,NA,NA,NA,NA,NA,NA,NA,NA,NA,NA,NA,NA,NA,NA,NA,NA,NA,NA,NA,NA,NA,NA,NA,NA,NA,NA,NA,NA,NA,NA,NA,NA,NA,NA,NA,NA,NA,NA,NA,NA,NA,NA,NA,NA,NA,NA,NA,NA,NA,NA,NA,NA,NA,NA,NA,NA
"8","7CE044001446",0.9991,0.9991,0.9991,0.9991,0.9991,0.9991,0.9991,0.9991,0.9991,0.9991,0.9991,0.9991,0.9991,0.9991,0.9991,0.9991,0.9991,0.9991,0.9991,0.9991,0.7603,0.4273,0.9991,0.9991,0.9991,0.9991,0.9991,0.9991,0.9991,0.9991,0.9991,0.9991,0.9991,0.9991,0.9616,0.9984,NA,NA,NA,NA,NA,NA,NA,NA,NA,NA,NA,NA,0,0.851,0.9991,0.9991,0.9991,0.9991,0.9991,0.9991,0.9991,0.9991,0.9991,0.9991,0.9991,0.9991,0.9991,0.9991,0.9991,0.9991,0.9991,0.9991,0.9985,0.9991,0.9991,0.9991,0.9991,0.9991,0.9991,0.9991,0.9991,0.9991,0.9991,0.9991,0.9991,0.9991,0.9991,0.9991,0.9982,0.9991,0.9991,0.9991,0.9991,0.9991,0.9991,0.9991,0.9991,0.9991,0.9991,0.999,0.9991,0.9991,0.9991,0.9991,0.9991,0.9991,0.9991,0.9121,0.999,0.9991,0.9991,0.9991,0.9991,0.999,0.999,0.9991,0.9991,0.9991,0.9991,0.9991,0.9991,0.9991,0.9991,0.9991,0.9991,0.9991,0.9991,0.9991,0.9991,0.9991,0.9991,0.9991,0.9991,0.9991,0.9991,0.9991,0.9991,0.9991,0.9991
"9","7CE044001454",0.9991,0.9991,0.9991,0.9991,0.9991,0.9991,0.9991,0.9989,NA,NA,NA,NA,NA,NA,NA,NA,NA,NA,NA,NA,NA,NA,NA,NA,NA,NA,NA,NA,NA,NA,NA,NA,NA,NA,NA,NA,NA,NA,NA,NA,NA,NA,NA,NA,NA,NA,NA,NA,NA,NA,NA,NA,NA,NA,NA,NA,NA,NA,NA,NA,NA,NA,NA,NA,NA,NA,NA,NA,NA,NA,NA,NA,NA,NA,NA,NA,NA,NA,NA,NA,NA,NA,NA,NA,NA,NA,NA,NA,NA,NA,NA,NA,NA,NA,NA,NA,NA,NA,NA,NA,NA,NA,NA,NA,NA,NA,NA,NA,NA,NA,NA,NA,NA,NA,NA,NA,NA,NA,NA,NA,NA,NA,NA,NA,NA,NA,NA,NA,NA,NA,NA,NA,NA,NA,NA
"10","7CE044001469",0.9991,0.9991,0.9991,0.9991,0.9991,0.9991,0.9991,0.9991,0.9991,0.9991,0.9991,0.9991,0.9991,0.9991,0.9991,0.9991,0.9991,0.9991,0.9991,0.9991,0.759,0.4255,0.9991,0.9991,0.9991,0.9991,0.9991,0.9991,0.9991,0.9991,0.9991,0.9991,0.9991,0.9991,0.9991,NA,NA,NA,NA,NA,NA,NA,NA,NA,NA,NA,NA,NA,0.8262,0.9985,0.9991,0.9991,0.9991,0.9991,0.9991,0.9991,0.9991,0.9991,0.9991,0.9991,0.9991,0.9991,0.9991,0.9991,0.9991,0.9991,0.9991,0.9991,0.9989,0.9991,0.9991,0.9991,0.9991,0.9991,0.999,0.9991,0.9991,0.9991,0.9991,0.9991,0.9991,0.9991,0.9991,0.9991,0.9991,0.9991,0.9991,0.9991,0.9991,0.9991,0.9991,0.9991,0.9991,0.9991,0.9991,0.999,0.9991,0.9991,0.9991,0.9991,0.9991,0.9991,0.9991,0.9991,NA,NA,NA,NA,NA,NA,NA,NA,NA,NA,NA,NA,NA,NA,NA,NA,NA,NA,NA,NA,NA,NA,NA,NA,NA,NA,NA,NA,NA,NA,NA
"11","7CE044001603",0.9991,0.9991,0.9991,0.9991,0.9991,0.9991,0.9991,0.9991,0.9991,0.9991,0.9991,0.9991,0.9991,0.9991,0.9991,0.9991,0.9991,0.9991,0.9991,0.9991,0.7602,0.4267,0.9981,0.9991,0.9983,0.9991,0.9991,0.9991,0.9991,0.9991,0.9991,0.9991,0.9991,0.9991,0.9617,0.9988,NA,NA,NA,NA,NA,NA,NA,NA,NA,NA,NA,NA,0.8279,0.9985,0.9991,0.9991,0.9991,0.9991,0.9991,0.945,0.9991,0.9991,0.9991,0.9991,0.9991,0.9991,0.9991,0.9991,0.9991,0.9991,0.9991,0.9991,0.999,0.9991,0.9991,0.9991,0.9991,0.9991,0.9991,0.9991,0.9991,0.9991,0.9991,0.9991,0.9991,0.9991,0.9991,0.9991,0.9991,0.9991,0.9991,0.9991,0.9991,0.9991,0.9991,0.9991,0.9991,0.9991,0.9991,0.999,0.9991,0.9991,0.9991,0.9991,0.9991,0.9991,0.9991,NA,NA,NA,NA,NA,NA,NA,NA,NA,NA,NA,NA,NA,NA,NA,NA,NA,NA,NA,NA,NA,NA,NA,NA,NA,NA,NA,NA,NA,NA,NA,NA
"12","7CE044001624",0.9991,0.9991,0.9991,0.9991,0.9991,0.9991,0.9991,0.9991,0.9991,0.9991,0.9991,0.9991,0.9991,0.9991,0.9991,0.9991,0.9991,0.9991,0.9991,0.9991,0.7602,0.4273,0.9991,0.9991,0.9991,0.9991,0.9991,0.9991,0.9991,0.9991,0.9991,0.9991,0.9991,0.9991,0.9617,0.9967,0.9802,0.9991,0.9991,0.9991,0.9991,0.9991,0.9991,NA,NA,NA,NA,NA,0,0.9986,0.9991,0.9991,0.786,0.9991,0.9991,0.9991,0.9982,0.9991,0.9991,0.9991,0.9991,0.9991,0.9991,0.9991,0.9991,0.9991,0.9991,0.9991,0.999,0.9991,0.9991,0.9991,0.9991,0.9991,0.999,0.9991,0.9991,0.9991,0.9991,0.9991,0.9991,0.9991,0.9991,0.9991,0.9991,0.9991,0.9991,0.9991,0.9991,0.9991,0.9991,0.9991,0.9991,0.9991,0.9991,0.999,0.9991,0.9991,0.9991,0.9991,0.9991,0.9991,0.9991,0.9008,0.999,0.9991,0.9991,0.9991,0.9991,0.999,0.999,0.9991,0.9991,0.9991,0.9991,0.9991,0.9991,0.9991,0.9991,0.9991,0.9991,0.9991,0.9991,0.9991,0.9991,0.9991,0.9991,0.9991,0.9991,0.9991,0.9991,0.9991,0.9991,0.9991,0.9991
"13","7CE044001644",0.9991,0.9991,0.9991,0.9991,0.9991,0.9991,0.9991,0.9991,0.9991,0.9991,0.9991,0.9991,0.9991,0.9991,0.9991,0.9991,0.9991,0.9991,0.9991,0.9991,0.7602,0.427,0.9991,0.9991,0.9991,0.9991,0.9991,0.9991,0.9991,0.9991,0.9991,0.9991,0.9991,0.9991,0.9617,0.9986,0.9803,0.9991,0.9991,0.9991,0.9991,0.9991,0.9991,0.9991,0.9991,0.9991,0.9991,0.9991,NA,NA,NA,NA,NA,NA,0.8316,0.998,0.9603,0.9991,0.9878,0.9991,0.9991,0.9991,0.9991,0.9991,0.9991,0.9991,0.9991,0.9991,0.999,0.9991,0.9991,0.9991,0.9991,0.9991,0.9991,0.9991,0.9991,0.9991,0.9991,0.9991,0.9991,0.999,0.9991,0.9991,0.9991,0.9991,0.9991,0.9991,0.9991,0.9991,0.9991,0.9991,0.9991,0.9991,0.9991,0.9989,0.9991,0.9991,0.9991,0.9991,0.9991,0.9991,0.9991,0.9991,NA,NA,NA,NA,NA,NA,NA,NA,NA,NA,NA,NA,NA,NA,NA,NA,NA,NA,NA,NA,NA,NA,NA,NA,NA,NA,NA,NA,NA,NA,NA
"14","7CE044001660",0.9929,0.9991,0.996,0.9991,0.9991,0.9991,0.9991,0.9991,0.9991,0.9991,0.9991,0.9991,0.9991,0.9991,0.9991,0.9991,0.9991,0.9991,0.9991,0.9991,0.7598,0.4237,0.9991,0.9991,0.9991,0.9991,0.9991,0.9991,0.994,0.9991,0.9991,0.9991,0.9991,0.9991,0.9612,0.9988,NA,NA,NA,NA,NA,NA,NA,NA,NA,NA,NA,NA,0.9915,0.9971,0.9991,0.9976,0.9991,0.9991,0.9991,0.9439,0.9991,0.9991,0.9991,0.9991,0.9991,0.9991,0.9991,0.9991,0.9991,0.9991,0.9991,0.9991,0.9989,0.9991,0.9991,0.9991,0.9991,0.9991,0.9991,0.9991,0.9991,0.9991,0.9991,0.9991,0.9991,0.9991,0.9991,0.9991,0.9991,0.9991,0.9991,0.9991,0.9991,0.9991,0.9991,0.9991,0.9991,0.9991,0.9991,0.9989,0.9991,0.9991,0.9991,0.9991,0.9991,0.9991,0.9991,NA,NA,NA,NA,NA,NA,NA,NA,NA,NA,NA,NA,NA,NA,NA,NA,NA,NA,NA,NA,NA,NA,NA,NA,NA,NA,NA,NA,NA,NA,NA,NA
"15","7CE0440016D7",0.9991,0.9991,0.9991,0.9991,0.9991,0.9991,0.9991,0.9991,0.9991,0.9991,0.9991,0.9991,0.9991,0.9991,0.9991,0.9991,0.9991,0.9991,0.9991,0.9991,0.7623,0.4259,0.9991,0.9991,0.9991,0.9991,0.9991,0.9991,0.9991,0.9991,0.9991,0.999,0.9991,0.999,0.9616,0.9987,0.9802,0.9991,0.9991,0.9991,0.9991,0.9991,0.9991,0.9991,0.9991,0.999,0.9991,0.999,NA,NA,NA,NA,NA,NA,0.831,0.9991,0.9473,0.9991,0.999,0.9991,0.9991,0.999,0.9991,0.9982,0.999,0.999,0.9991,0.9991,0.9989,0.999,0.9986,0.9991,0.9991,0.9991,0.999,0.9991,0.9991,0.9991,0.9991,0.9991,0.998,0.999,0.998,0.9991,0.9991,0.9991,0.999,0.9991,0.9991,0.9991,0.9991,0.9991,0.9991,0.9991,0.999,0.9989,0.9991,0.9991,0.9991,0.999,0.999,0.999,0.999,0.999,NA,NA,NA,NA,NA,NA,NA,NA,NA,NA,NA,NA,NA,NA,NA,NA,NA,NA,NA,NA,NA,NA,NA,NA,NA,NA,NA,NA,NA,NA,NA
"16","7CE044001709",0.9991,0.9991,0.9991,0.9991,0.9991,0.9991,0.9991,0.999,NA,NA,NA,NA,NA,NA,NA,NA,NA,NA,NA,NA,NA,NA,NA,NA,NA,NA,NA,NA,NA,NA,NA,NA,NA,NA,NA,NA,NA,NA,NA,NA,NA,NA,NA,NA,NA,NA,NA,NA,NA,NA,NA,NA,NA,NA,NA,NA,NA,NA,NA,NA,NA,NA,NA,NA,NA,NA,NA,NA,NA,NA,NA,NA,NA,NA,NA,NA,NA,NA,NA,NA,NA,NA,NA,NA,NA,NA,NA,NA,NA,NA,NA,NA,NA,NA,NA,NA,NA,NA,NA,NA,NA,NA,NA,NA,NA,NA,NA,NA,NA,NA,NA,NA,NA,NA,NA,NA,NA,NA,NA,NA,NA,NA,NA,NA,NA,NA,NA,NA,NA,NA,NA,NA,NA,NA,NA
"17","7CE04400170E",0.9991,0.9991,0.9991,0.9991,0.9991,0.9991,0.9991,0.9991,0.9991,0.9991,0.9991,0.9991,0.9991,0.9991,0.9991,0.9991,0.9991,0.9991,0.9991,0.9991,0.7597,0.4258,0.9991,0.9991,0.9991,0.9991,0.9991,0.9991,0.9991,0.9991,0.9991,0.9991,0.9991,0.9991,0.9601,0.9987,NA,NA,NA,NA,NA,NA,NA,NA,NA,NA,NA,NA,0.8209,0.9985,0.9991,0.9991,0.9991,0.9991,0.9991,0.9451,0.9991,0.9991,0.9991,0.9991,0.9991,0.9991,0.9991,0.9991,0.9991,0.9991,0.9991,0.9991,0.999,0.9991,0.9991,0.9991,0.9991,0.9991,0.9991,0.9991,0.999,0.9991,0.9991,0.9991,0.9991,0.9991,0.9991,0.9991,0.9991,0.9991,0.9991,0.9991,0.9991,0.9991,0.9991,0.9991,0.9991,0.9991,0.9991,0.999,0.9991,0.9991,0.9991,0.9991,0.9991,0.9991,0.9991,NA,NA,NA,NA,NA,NA,NA,NA,NA,NA,NA,NA,NA,NA,NA,NA,NA,NA,NA,NA,NA,NA,NA,NA,NA,NA,NA,NA,NA,NA,NA,NA
"18","7CE044001715",0.9991,0.9991,0.9991,0.9991,0.9991,0.9991,0.9991,0.9991,0.9991,0.9991,0.9991,0.9991,0.9991,0.9991,0.9991,0.9991,0.9991,0.9991,0.9991,0.9991,0.7601,0.4265,0.9991,0.9991,0.9991,0.9991,0.9991,0.9991,0.9991,0.9991,0.9991,0.9991,0.9991,0.9991,0.9616,0.9988,NA,NA,NA,NA,NA,NA,NA,NA,NA,NA,NA,NA,0.8279,0.9984,0.9991,0.9991,0.9991,0.9991,0.998,0.945,0.9991,0.9991,0.9991,0.9991,0.9991,0.9991,0.9991,0.9991,0.9991,0.9991,0.9991,0.9991,0.9989,0.9991,0.998,0.9991,0.9991,0.9991,0.9991,0.9991,0.9991,0.9991,0.9991,0.9991,0.9991,0.9991,0.9983,0.9991,0.9991,0.9991,0.9991,0.9991,0.9991,0.9991,0.9991,0.9991,0.9991,0.9991,0.9991,0.999,0.9991,0.9991,0.9991,0.9991,0.9991,0.9991,0.9991,NA,NA,NA,NA,NA,NA,NA,NA,NA,NA,NA,NA,NA,NA,NA,NA,NA,NA,NA,NA,NA,NA,NA,NA,NA,NA,NA,NA,NA,NA,NA,NA
"19","7CE044001721",0.9991,0.9991,0.9991,0.9991,0.9991,0.9991,0.9991,0.9991,NA,NA,NA,NA,NA,NA,NA,NA,NA,NA,NA,NA,NA,NA,NA,NA,NA,NA,NA,NA,NA,NA,NA,NA,NA,NA,NA,NA,NA,NA,NA,NA,NA,NA,NA,NA,NA,NA,NA,NA,NA,NA,NA,NA,NA,NA,NA,NA,NA,NA,NA,NA,NA,NA,NA,NA,NA,NA,NA,NA,NA,NA,NA,NA,NA,NA,NA,NA,NA,NA,NA,NA,NA,NA,NA,NA,NA,NA,NA,NA,NA,NA,NA,NA,NA,NA,NA,NA,NA,NA,NA,NA,NA,NA,NA,NA,NA,NA,NA,NA,NA,NA,NA,NA,NA,NA,NA,NA,NA,NA,NA,NA,NA,NA,NA,NA,NA,NA,NA,NA,NA,NA,NA,NA,NA,NA,NA
"20","7CE0440017A1",0.9991,0.9991,0.9991,0.9991,0.9991,0.9991,0.9991,0.9991,0.9991,0.9991,0.9991,0.9991,0.9991,0.9991,0.9991,0.9991,0.9991,0.9991,0.9991,0.9991,0.7593,0.4121,0.9991,0.9991,0.9991,0.9991,0.9981,0.9991,0.9991,0.9991,0.9991,0.9991,0.9991,0.9991,0.9616,0.9988,NA,NA,NA,NA,NA,NA,NA,NA,NA,NA,NA,NA,0.8287,0.85,0.9991,0.9981,0.9991,0.9991,0.9991,0.9991,0.9991,0.9978,0.9977,0.9991,0.9991,0.9991,0.9991,0.9991,0.9991,0.9992,NA,NA,NA,NA,NA,NA,NA,0.9992,0.9991,0.9991,0.9991,0.9991,0.9991,0.9991,0.9981,0.9991,0.9991,0.9991,0.9991,0.9991,0.9991,0.9991,0.9991,0.9991,0.9991,0.9991,0.9991,0.9991,0.9981,0.9989,0.9991,0.9991,0.9991,0.9991,0.9991,0.9991,0.9991,0.9991,NA,NA,NA,NA,NA,NA,NA,NA,NA,NA,NA,NA,NA,NA,NA,NA,NA,NA,NA,NA,NA,NA,NA,NA,NA,NA,NA,NA,NA,NA,NA
"21","7CE0440017AC",0.9991,0.9991,0.9991,0.9991,0.9991,0.9991,0.9991,0.9991,0.9991,0.9991,0.9991,0.9991,0.9991,0.9991,0.9991,0.9991,0.9991,0.9991,0.9991,0.9991,0.7594,0.4261,0.9991,0.9991,0.9977,0.9991,0.9991,0.9991,0.9991,0.9991,0.9991,0.9991,0.9991,0.9991,0.9617,0.9988,NA,NA,NA,NA,NA,NA,NA,NA,NA,NA,NA,NA,0.8292,0.8511,0.9991,0.9991,0.9991,0.9991,0.9991,0.9991,0.9991,0.9991,0.9991,0.9991,0.9991,0.9991,0.9991,0.9991,0.9991,0.9991,0.9991,0.9991,0.9984,0.9991,0.9991,0.9991,0.9991,0.9991,0.9991,0.9991,0.9991,0.9991,0.9991,0.9991,0.9991,0.9991,0.9991,0.9991,0.9991,0.9978,0.9991,0.9991,0.9991,0.9991,0.9991,0.9991,0.9991,0.9991,0.9991,0.9989,0.9991,0.9991,0.9991,0.9991,0.9991,0.9991,0.9991,0.9991,NA,NA,NA,NA,NA,NA,NA,NA,NA,NA,NA,NA,NA,NA,NA,NA,NA,NA,NA,NA,NA,NA,NA,NA,NA,NA,NA,NA,NA,NA,NA
"22","7CE044001A2E",0.9991,0.9991,0.9991,0.9991,0.9991,0.9991,0.9991,0.9991,0.9991,0.9991,0.9991,0.9991,0.9991,0.9991,0.9991,0.9991,0.9991,0.9991,0.9991,0.9991,0.7602,0.4274,0.9991,0.9991,0.9991,0.9991,0.9991,0.9991,0.9991,0.9991,0.9991,0.9991,0.9991,0.9991,0.9617,0.9964,NA,NA,NA,NA,NA,NA,NA,NA,NA,NA,NA,NA,0,0.9984,0.9991,0.9831,0.9991,0.9991,0.9991,0.945,0.9991,0.9991,0.9991,0.9991,0.9991,0.9991,0.9991,0.9991,0.9991,0.9991,0.9991,0.9991,0.999,0.9991,0.9991,0.9991,0.9991,0.9991,0.9991,0.9991,0.9991,0.9991,0.9991,0.9991,0.9991,0.998,0.9991,0.9991,0.9991,0.9991,0.9991,0.9991,0.9991,0.9991,0.9991,0.9991,0.9991,0.9991,0.9991,0.9989,0.9991,0.9991,0.9991,0.9991,0.9991,0.9991,0.7606,0.999,0.999,0.9991,0.9991,0.9991,0.9991,0.969,0.999,0.9991,0.9991,0.9991,0.9991,0.9991,0.9991,0.9991,0.9991,0.9991,0.9991,0.9991,0.9991,0.9991,0.9991,0.9991,0.9991,0.9991,0.9991,0.9991,0.9991,0.9991,0.9979,0.9991,0.9991
"23","7CE044002314",NA,NA,NA,NA,NA,NA,NA,NA,NA,NA,NA,NA,NA,NA,NA,NA,NA,NA,NA,NA,NA,NA,NA,NA,NA,NA,NA,NA,NA,NA,NA,NA,NA,NA,NA,NA,0.9802,0.9991,0.9991,0.9991,0.9991,0.9981,0.9991,NA,NA,NA,NA,NA,0,0.9985,0.9991,0.9991,0.9991,0.9991,0.9991,0.9991,0.9991,0.9991,0.9991,0.9991,0.9991,0.9991,0.9991,0.9991,0.9979,0.9991,0.9991,0.9991,0.9991,0.9991,0.9991,0.9991,0.9991,0.9991,0.999,0.9991,0.9991,0.9991,0.9991,0.9991,0.9991,0.9991,0.9991,0.9991,0.9991,0.9991,0.9991,0.9991,0.9991,0.9991,0.9991,0.9991,0.9991,0.9991,0.9991,0.999,0.9991,0.9991,0.9991,0.9991,0.9991,0.9991,0.9991,0.9991,NA,NA,NA,NA,NA,NA,NA,NA,NA,NA,NA,NA,NA,NA,NA,NA,NA,NA,NA,NA,NA,NA,NA,NA,NA,NA,NA,NA,NA,NA,NA
"24","7CE04400172F",NA,NA,NA,NA,NA,NA,NA,NA,NA,NA,NA,NA,NA,NA,NA,NA,NA,NA,NA,NA,NA,NA,NA,NA,NA,NA,NA,NA,NA,NA,NA,NA,NA,NA,NA,NA,NA,NA,NA,NA,NA,NA,NA,NA,NA,NA,NA,NA,0,0.999,0.9991,0.984,0.9973,0.9979,0.999,0.9968,0.999,0.999,0.9982,0.9982,0.9982,0.999,0.999,0.9978,0.999,0.998,0.9976,0.998,0.9978,0.999,0.999,0.999,0.999,0.999,0.999,0.9972,0.9982,0.999,0.999,0.999,0.999,0.999,0.997,0.9972,0.999,0.997,0.9979,0.999,0.9991,0.9982,0.9991,0.999,0.9978,0.9982,0.997,0.7821,0.9982,0.998,0.999,0.9959,0.999,0.9973,0.999,NA,NA,NA,NA,NA,NA,NA,NA,NA,NA,NA,NA,NA,NA,NA,NA,NA,NA,NA,NA,NA,NA,NA,NA,NA,NA,NA,NA,NA,NA,NA,NA
"25","7CE044001D3B",NA,NA,NA,NA,NA,NA,NA,NA,NA,NA,NA,NA,NA,NA,NA,NA,NA,NA,NA,NA,NA,NA,NA,NA,NA,NA,NA,NA,NA,NA,NA,NA,NA,NA,NA,NA,NA,NA,NA,NA,NA,NA,NA,NA,NA,NA,NA,NA,0,0.9991,0.9991,0.9991,0.9579,0.9964,0.9991,0.9988,0.9991,0.9991,0.9991,0.9991,0.9991,0.9991,0.9991,0.9982,0.9991,0.9991,0.9991,0.9991,0.9991,0.9991,0.9991,0.9991,0.9991,0.9991,0.9991,0.9991,0.9991,0.9991,0.9991,0.9991,0.9991,0.9991,0.9991,0.9991,0.9991,0.9991,0.9991,0.9991,0.9991,0.9991,0.9991,0.9991,0.9991,0.9991,0.9991,0.9989,0.9991,0.9991,0.9991,0.9991,0.9991,0.9991,0.9982,0.9991,0.9991,NA,NA,NA,NA,NA,NA,NA,NA,NA,NA,NA,NA,NA,NA,NA,NA,NA,NA,NA,NA,NA,NA,NA,NA,NA,NA,NA,NA,NA,NA
"26","7CE044001E54",NA,NA,NA,NA,NA,NA,NA,NA,NA,NA,NA,NA,NA,NA,NA,NA,NA,NA,NA,NA,NA,NA,NA,NA,NA,NA,NA,NA,NA,NA,NA,NA,NA,NA,NA,NA,NA,NA,NA,NA,NA,NA,NA,NA,NA,NA,NA,NA,0,0.999,0.9979,0.9991,0.9991,0.9991,0.9991,0.9991,0.9979,0.9991,0.998,0.9983,0.998,0.9982,0.9991,0.9983,0.9991,0.9979,0.999,0.9991,0.9979,0.998,0.9991,0.9982,0.9991,0.9991,0.9978,0.9991,0.9991,0.998,0.9991,0.9991,0.9991,NA,NA,NA,NA,NA,NA,NA,NA,NA,NA,NA,NA,NA,NA,NA,NA,NA,NA,NA,NA,NA,NA,NA,NA,NA,NA,NA,NA,NA,NA,NA,NA,NA,NA,NA,NA,NA,NA,NA,NA,NA,NA,NA,NA,NA,NA,NA,NA,NA,NA,NA,NA,NA,NA
"27","7CE044001E83",NA,NA,NA,NA,NA,NA,NA,NA,NA,NA,NA,NA,NA,NA,NA,NA,NA,NA,NA,NA,NA,NA,NA,NA,NA,NA,NA,NA,NA,NA,NA,NA,NA,NA,NA,NA,NA,NA,NA,NA,NA,NA,NA,NA,NA,NA,NA,NA,0.9937,0.851,0.9991,0.9991,0.9991,0.9991,0.9991,0.9991,0.9991,0.9991,0.9991,0.9991,0.9991,0.9991,0.9991,0.9991,0.9991,0.9991,0.9991,0.9991,0.9986,0.9991,0.9991,0.9991,0.9991,0.9991,0.9991,0.9991,0.9991,0.9991,0.9991,0.9991,0.9991,0.9991,0.9991,0.9991,0.9991,0.9991,0.9991,0.9991,0.9991,0.9991,0.9991,0.9991,0.9991,0.9991,0.9991,0.9989,0.9991,0.9991,0.9991,0.9991,0.9991,0.9991,0.9991,0.9055,NA,NA,NA,NA,NA,NA,NA,NA,NA,NA,NA,NA,NA,NA,NA,NA,NA,NA,NA,NA,NA,NA,NA,NA,NA,NA,NA,NA,NA,NA,NA
"28","7CE0440020B3",NA,NA,NA,NA,NA,NA,NA,NA,NA,NA,NA,NA,NA,NA,NA,NA,NA,NA,NA,NA,NA,NA,NA,NA,NA,NA,NA,NA,NA,NA,NA,NA,NA,NA,NA,NA,NA,NA,NA,NA,NA,NA,NA,NA,NA,NA,NA,NA,0,0.9978,0.9978,0.985,0.9991,0.9991,0.9991,0.9991,0.9991,0.9991,0.9991,0.9991,0.9991,0.9991,0.9991,0.9991,0.9991,0.9991,0.9991,0.9991,0.9991,0.9991,0.9991,0.9991,0.9991,0.9991,0.999,0.9991,0.9991,0.9991,0.9991,0.999,0.9991,0.9991,0.9991,0.9991,0.9991,0.9991,0.9991,0.9991,0.999,0.9991,0.9986,0.9991,0.9991,0.9991,0.9991,0.999,0.9991,0.9991,0.9991,0.9991,0.9991,0.9991,0.9991,NA,NA,NA,NA,NA,NA,NA,NA,NA,NA,NA,NA,NA,NA,NA,NA,NA,NA,NA,NA,NA,NA,NA,NA,NA,NA,NA,NA,NA,NA,NA,NA
"29","7CE0440021BE",NA,NA,NA,NA,NA,NA,NA,NA,NA,NA,NA,NA,NA,NA,NA,NA,NA,NA,NA,NA,NA,NA,NA,NA,NA,NA,NA,NA,NA,NA,NA,NA,NA,NA,NA,NA,NA,NA,NA,NA,NA,NA,NA,NA,NA,NA,NA,NA,0,0.9984,0.9991,0.9893,0.9988,0.9991,0.9991,0.9991,0.9991,0.9991,0.9991,0.9991,0.9991,0.9991,0.9991,0.9991,0.9991,0.9991,0.9991,0.9991,0.9991,0.9991,0.9991,0.9991,0.9991,0.9991,0.999,0.9991,0.9991,0.9991,0.9991,0.9991,0.9991,0.9991,0.9991,0.9991,0.9991,0.9991,0.9991,0.9991,0.9991,0.9991,0.9991,0.9991,0.9991,0.9991,0.9991,0.9989,0.9991,0.9991,0.9991,0.9991,0.9991,0.9991,0.9991,NA,NA,NA,NA,NA,NA,NA,NA,NA,NA,NA,NA,NA,NA,NA,NA,NA,NA,NA,NA,NA,NA,NA,NA,NA,NA,NA,NA,NA,NA,NA,NA
"30","7CE044002201",NA,NA,NA,NA,NA,NA,NA,NA,NA,NA,NA,NA,NA,NA,NA,NA,NA,NA,NA,NA,NA,NA,NA,NA,NA,NA,NA,NA,NA,NA,NA,NA,NA,NA,NA,NA,NA,NA,NA,NA,NA,NA,NA,NA,NA,NA,NA,NA,0,0.9991,0.9991,0.9991,0.9576,0.991,0.9991,0.9991,0.9991,0.9991,0.9991,0.9981,0.9991,0.9991,0.9991,0.9982,0.9983,0.9991,0.9991,0.9991,0.9991,0.9991,0.9991,0.9991,0.9991,0.9991,0.9991,0.9991,0.9991,0.9991,0.9982,0.9991,0.9981,0.9979,0.9991,0.9983,0.9991,0.9991,0.9991,0.9991,0.9991,0.9991,0.9991,0.9991,0.9991,0.9991,0.9991,0.999,0.9991,0.9991,0.9991,0.9991,0.9978,0.9991,0.9991,0.9991,0.9991,NA,NA,NA,NA,NA,NA,NA,NA,NA,NA,NA,NA,NA,NA,NA,NA,NA,NA,NA,NA,NA,NA,NA,NA,NA,NA,NA,NA,NA,NA
"31","7CE04400220B",NA,NA,NA,NA,NA,NA,NA,NA,NA,NA,NA,NA,NA,NA,NA,NA,NA,NA,NA,NA,NA,NA,NA,NA,NA,NA,NA,NA,NA,NA,NA,NA,NA,NA,NA,NA,NA,NA,NA,NA,NA,NA,NA,NA,NA,NA,NA,NA,0,0.9991,0.9991,0.9991,0.9572,0.9929,0.9982,0.9991,0.9862,0.9991,0.9991,0.9991,0.9991,0.9991,0.9991,0.9991,0.9991,0.9991,0.9991,0.9991,0.9991,0.9991,0.9991,0.9991,0.9991,0.9991,0.9991,0.9991,0.998,0.9991,0.9991,0.9991,0.9991,0.9991,0.9991,0.9991,0.9991,0.9991,0.9991,0.9991,0.9991,0.9991,0.9991,0.9991,0.9991,0.9991,0.9991,0.9989,0.9991,0.9991,0.9991,0.9991,0.9991,0.9991,0.9991,0.9991,0.9991,NA,NA,NA,NA,NA,NA,NA,NA,NA,NA,NA,NA,NA,NA,NA,NA,NA,NA,NA,NA,NA,NA,NA,NA,NA,NA,NA,NA,NA,NA
"32","7CE044002211",NA,NA,NA,NA,NA,NA,NA,NA,NA,NA,NA,NA,NA,NA,NA,NA,NA,NA,NA,NA,NA,NA,NA,NA,NA,NA,NA,NA,NA,NA,NA,NA,NA,NA,NA,NA,NA,NA,NA,NA,NA,NA,NA,NA,NA,NA,NA,NA,0.7038,NA,NA,NA,NA,NA,NA,NA,NA,NA,NA,NA,NA,NA,NA,NA,NA,NA,NA,NA,NA,NA,NA,NA,NA,NA,NA,NA,NA,NA,NA,NA,NA,NA,NA,NA,NA,NA,NA,NA,NA,NA,NA,NA,NA,NA,NA,NA,NA,NA,NA,NA,NA,NA,NA,NA,NA,NA,NA,NA,NA,NA,NA,NA,NA,NA,NA,NA,NA,NA,NA,NA,NA,NA,NA,NA,NA,NA,NA,NA,NA,NA,NA,NA,NA,NA,NA
"33","7CE044002223",NA,NA,NA,NA,NA,NA,NA,NA,NA,NA,NA,NA,NA,NA,NA,NA,NA,NA,NA,NA,NA,NA,NA,NA,NA,NA,NA,NA,NA,NA,NA,NA,NA,NA,NA,NA,NA,NA,NA,NA,NA,NA,NA,NA,NA,NA,NA,NA,0,0.9991,0.9991,0.9991,0.9576,0.9917,0.9991,0.9991,0.9991,0.9991,0.9991,0.9991,0.9991,0.9991,0.9991,0.9991,0.9991,0.9991,0.9991,0.9991,0.9991,0.9991,0.9991,0.9991,0.9991,0.9991,0.9991,0.9991,0.9991,0.9991,0.9991,0.9991,0.9991,0.9991,0.9991,0.9991,0.9991,0.9991,0.9991,0.9991,0.9991,0.9991,0.9991,0.9991,0.9991,0.9991,0.9991,0.9989,0.9991,0.9991,0.9991,0.9978,0.9991,0.9991,0.9991,0.9991,0.9991,NA,NA,NA,NA,NA,NA,NA,NA,NA,NA,NA,NA,NA,NA,NA,NA,NA,NA,NA,NA,NA,NA,NA,NA,NA,NA,NA,NA,NA,NA
"34","7CE044002235",NA,NA,NA,NA,NA,NA,NA,NA,NA,NA,NA,NA,NA,NA,NA,NA,NA,NA,NA,NA,NA,NA,NA,NA,NA,NA,NA,NA,NA,NA,NA,NA,NA,NA,NA,NA,NA,NA,NA,NA,NA,NA,NA,NA,NA,NA,NA,NA,0,0.999,0.9991,0.9991,0.9991,0.9991,0.9991,0.9991,0.9991,0.9991,0.9991,0.9991,0.9991,0.9991,0.9991,0.9991,0.9991,0.9991,0.9991,0.9991,0.9991,0.9991,0.9991,0.9991,0.9991,0.9991,0.999,0.9991,0.9991,0.9991,0.9991,0.9991,0.9991,0.9991,0.9991,0.9991,0.9991,0.9991,0.9991,0.9991,0.9991,0.9991,0.9991,0.9991,0.9991,0.9991,0.9991,0.999,0.9991,0.998,0.9991,0.9991,0.9991,0.9991,0.9991,NA,NA,NA,NA,NA,NA,NA,NA,NA,NA,NA,NA,NA,NA,NA,NA,NA,NA,NA,NA,NA,NA,NA,NA,NA,NA,NA,NA,NA,NA,NA,NA
"35","7CE04400225B",NA,NA,NA,NA,NA,NA,NA,NA,NA,NA,NA,NA,NA,NA,NA,NA,NA,NA,NA,NA,NA,NA,NA,NA,NA,NA,NA,NA,NA,NA,NA,NA,NA,NA,NA,NA,NA,NA,NA,NA,NA,NA,NA,NA,NA,NA,NA,NA,0,0.9983,0.9991,0.9991,0.9991,0.9991,0.9978,0.9991,0.9991,0.9991,0.9991,0.9982,0.9991,0.9978,0.9991,0.9983,0.9991,0.9991,0.9991,0.9991,0.9991,0.9991,0.998,0.9991,0.9991,0.9991,0.9991,0.9991,0.998,0.9991,0.9991,0.9991,0.9991,0.9991,0.9991,0.9991,0.9991,0.9991,0.9991,0.9991,0.9991,0.9991,0.9991,0.9991,0.9991,0.9991,0.9991,0.9989,0.9991,0.9991,0.9991,0.9991,0.9991,0.9991,0.9991,NA,NA,NA,NA,NA,NA,NA,NA,NA,NA,NA,NA,NA,NA,NA,NA,NA,NA,NA,NA,NA,NA,NA,NA,NA,NA,NA,NA,NA,NA,NA,NA
"36","7CE04400226C",NA,NA,NA,NA,NA,NA,NA,NA,NA,NA,NA,NA,NA,NA,NA,NA,NA,NA,NA,NA,NA,NA,NA,NA,NA,NA,NA,NA,NA,NA,NA,NA,NA,NA,NA,NA,NA,NA,NA,NA,NA,NA,NA,NA,NA,NA,NA,NA,0,0.9991,0.9991,0.9991,0.9991,0.9984,0.9991,0.9991,0.9991,0.9991,0.9991,0.9991,0.9991,0.9991,0.9991,0.9991,0.9991,0.9991,0.9991,0.9991,0.9991,0.9991,0.9991,0.9991,0.9991,0.9991,0.9991,0.9991,0.9991,0.9991,0.9991,0.9991,0.9991,0.9991,0.9991,0.9991,0.9991,0.9991,0.9991,0.9991,0.9991,0.9991,0.9991,0.9991,0.9991,0.9991,0.9991,0.9674,0.9991,0.9991,0.9991,0.9991,0.9991,0.9991,0.9991,0.9991,0.9991,NA,NA,NA,NA,NA,NA,NA,NA,NA,NA,NA,NA,NA,NA,NA,NA,NA,NA,NA,NA,NA,NA,NA,NA,NA,NA,NA,NA,NA,NA
"37","7CE0440022FD",NA,NA,NA,NA,NA,NA,NA,NA,NA,NA,NA,NA,NA,NA,NA,NA,NA,NA,NA,NA,NA,NA,NA,NA,NA,NA,NA,NA,NA,NA,NA,NA,NA,NA,NA,NA,NA,NA,NA,NA,NA,NA,NA,NA,NA,NA,NA,NA,0,0.9991,0.9991,0.9991,0.9991,0.9984,0.9987,0.9803,0.9991,0.9991,0.9991,0.9991,0.9991,0.9991,0.9991,0.9991,0.9991,0.9991,0.9991,0.9991,0.9991,0.9991,0.9991,0.9991,0.9982,0.9991,0.9991,0.9991,0.9991,0.9991,0.9991,0.9991,0.9991,0.9991,0.9991,0.9991,0.9991,0.9991,0.9991,0.9991,0.9991,0.9991,0.9991,0.9991,0.9991,0.9991,0.9991,0.9989,0.9991,0.9991,0.9991,0.9991,0.9991,0.9991,0.9991,0.9991,0.9975,NA,NA,NA,NA,NA,NA,NA,NA,NA,NA,NA,NA,NA,NA,NA,NA,NA,NA,NA,NA,NA,NA,NA,NA,NA,NA,NA,NA,NA,NA
"38","7CE04400230F",NA,NA,NA,NA,NA,NA,NA,NA,NA,NA,NA,NA,NA,NA,NA,NA,NA,NA,NA,NA,NA,NA,NA,NA,NA,NA,NA,NA,NA,NA,NA,NA,NA,NA,NA,NA,NA,NA,NA,NA,NA,NA,NA,NA,NA,NA,NA,NA,0.9946,0.9991,0.9991,0.9991,0.9571,0.9852,0.9991,0.9991,0.9862,0.9991,0.9991,0.9991,0.9991,0.9991,0.9991,0.9991,0.9991,0.9991,0.9991,0.9991,0.9991,0.9991,0.9991,0.9991,0.9979,0.9991,0.9991,0.9991,0.9991,0.9991,0.9991,0.9991,0.9991,0.9977,0.9991,0.9991,0.9991,0.9991,0.9991,0.9991,0.9991,0.9991,0.9991,0.9991,0.9991,0.9991,0.9983,0.9989,0.9991,0.9991,0.9991,0.9991,0.9991,0.9991,0.9991,0.9991,0.9991,NA,NA,NA,NA,NA,NA,NA,NA,NA,NA,NA,NA,NA,NA,NA,NA,NA,NA,NA,NA,NA,NA,NA,NA,NA,NA,NA,NA,NA,NA
"39","7CE044002274",NA,NA,NA,NA,NA,NA,NA,NA,NA,NA,NA,NA,NA,NA,NA,NA,NA,NA,NA,NA,NA,NA,NA,NA,NA,NA,NA,NA,NA,NA,NA,NA,NA,NA,NA,NA,NA,NA,NA,NA,NA,NA,NA,NA,NA,NA,NA,NA,NA,NA,NA,0.9991,0.9991,0.9986,0.9989,0.9991,0.9991,0.9991,0.9991,0.9991,0.9991,0.9991,0.9991,0.9991,0.9991,0.9991,0.9991,0.9991,0.9991,0.9991,0.9991,0.9991,0.9991,0.9991,0.9991,0.9991,0.9991,0.9991,0.9991,0.9991,0.9991,0.9991,0.9991,0.9991,0.9991,0.9991,0.9991,0.9991,0.9991,0.9991,0.9991,0.9991,0.9991,0.9991,0.9991,0.9989,0.9991,0.9991,0.9991,0.9991,0.9991,0.9991,0.9991,0.9991,0.9991,NA,NA,NA,NA,NA,NA,NA,NA,NA,NA,NA,NA,NA,NA,NA,NA,NA,NA,NA,NA,NA,NA,NA,NA,NA,NA,NA,NA,NA,NA
"40","7CE04400216C",NA,NA,NA,NA,NA,NA,NA,NA,NA,NA,NA,NA,NA,NA,NA,NA,NA,NA,NA,NA,NA,NA,NA,NA,NA,NA,NA,NA,NA,NA,NA,NA,NA,NA,NA,NA,NA,NA,NA,NA,NA,NA,NA,NA,NA,NA,NA,NA,NA,NA,NA,NA,NA,0,0.9991,0.9991,0.9546,0.9991,0.9991,0.9991,0.9991,0.9991,0.9991,0.9991,0.9991,0.9991,0.9989,0.9991,0.9991,0.9991,0.9991,0.9991,0.9991,0.9991,0.9991,0.9991,0.9991,0.9991,0.9991,0.9991,0.9991,0.9991,0.9991,0.9991,0.9991,0.9991,0.9981,0.9991,0.9991,0.9991,0.9991,0.9991,0.9991,0.9991,0.9991,0.9989,0.9991,0.9991,0.9991,0.9991,0.9991,0.9991,0.9991,0.9991,NA,NA,NA,NA,NA,NA,NA,NA,NA,NA,NA,NA,NA,NA,NA,NA,NA,NA,NA,NA,NA,NA,NA,NA,NA,NA,NA,NA,NA,NA,NA
"41","7CE0440021B3",NA,NA,NA,NA,NA,NA,NA,NA,NA,NA,NA,NA,NA,NA,NA,NA,NA,NA,NA,NA,NA,NA,NA,NA,NA,NA,NA,NA,NA,NA,NA,NA,NA,NA,NA,NA,NA,NA,NA,NA,NA,NA,NA,NA,NA,NA,NA,NA,NA,NA,NA,NA,NA,0,0.7466,0.9991,0.9724,0.9991,0.998,0.9991,0.9991,0.9991,0.9991,0.9991,0.9991,0.9991,0.9991,0.9991,0.9991,0.9991,0.9991,0.9991,0.9991,0.9991,0.9991,0.9991,0.9991,0.9991,0.9991,0.9991,0.9991,0.9991,0.9991,0.9991,0.9991,0.9991,0.9983,0.9991,0.9991,0.9991,0.9991,0.9991,0.9991,0.9991,0.9991,0.999,0.9991,0.9978,0.9991,0.9991,0.9991,0.9991,0.9991,0.9991,0.9986,0.9991,0.9991,0.9991,0.9991,0.9991,NA,NA,NA,NA,NA,NA,NA,NA,NA,NA,NA,NA,NA,NA,NA,NA,NA,NA,NA,NA,NA,NA,NA,NA,NA
"42","7CE04400224D",NA,NA,NA,NA,NA,NA,NA,NA,NA,NA,NA,NA,NA,NA,NA,NA,NA,NA,NA,NA,NA,NA,NA,NA,NA,NA,NA,NA,NA,NA,NA,NA,NA,NA,NA,NA,NA,NA,NA,NA,NA,NA,NA,NA,NA,NA,NA,NA,NA,NA,NA,NA,NA,0,0.9992,0.9991,0.9548,0.9991,0.9991,0.9991,0.9991,0.9991,0.9991,0.9991,0.9991,0.9991,0.9991,0.9991,0.9991,0.9991,0.9991,0.9991,0.9991,0.9991,0.9991,0.9991,0.9991,0.9991,0.9991,0.9991,0.9991,0.9991,0.9991,0.9991,0.9991,0.9991,0.9991,0.9991,0.9991,0.9991,0.9991,0.9991,0.9991,0.9991,0.9991,0.9989,0.9991,0.9991,0.9991,0.9991,0.9991,0.9991,0.9991,0.9991,NA,NA,NA,NA,NA,NA,NA,NA,NA,NA,NA,NA,NA,NA,NA,NA,NA,NA,NA,NA,NA,NA,NA,NA,NA,NA,NA,NA,NA,NA,NA
"43","7CE0440022C4",NA,NA,NA,NA,NA,NA,NA,NA,NA,NA,NA,NA,NA,NA,NA,NA,NA,NA,NA,NA,NA,NA,NA,NA,NA,NA,NA,NA,NA,NA,NA,NA,NA,NA,NA,NA,NA,NA,NA,NA,NA,NA,NA,NA,NA,NA,NA,NA,NA,NA,NA,NA,NA,0,0.9992,0.9991,0.9537,0.9991,0.9991,0.9991,0.9991,0.9991,0.9991,0.9991,0.9991,0.9991,0.9991,0.9991,0.9991,0.9991,0.9991,0.9991,0.9991,0.9991,0.9991,0.9991,0.9991,0.9991,0.9991,0.9991,0.9991,0.9991,0.9991,0.9991,0.9991,0.9991,0.9991,0.9991,0.9991,0.9991,0.9991,0.9991,0.998,0.9991,0.9991,0.9989,0.9991,0.9982,0.9991,0.9991,0.9991,0.9991,0.9991,0.9991,NA,NA,NA,NA,NA,NA,NA,NA,NA,NA,NA,NA,NA,NA,NA,NA,NA,NA,NA,NA,NA,NA,NA,NA,NA,NA,NA,NA,NA,NA,NA
"44","7CE044002118",NA,NA,NA,NA,NA,NA,NA,NA,NA,NA,NA,NA,NA,NA,NA,NA,NA,NA,NA,NA,NA,NA,NA,NA,NA,NA,NA,NA,NA,NA,NA,NA,NA,NA,NA,NA,NA,NA,NA,NA,NA,NA,NA,NA,NA,NA,NA,NA,NA,NA,NA,NA,NA,NA,0,0.9991,0.9691,0.9991,0.9991,0.9991,0.9991,0.9991,0.9991,0.9991,0.9991,0.9991,0.9991,0.9991,0.9991,0.9991,0.9991,0.9991,0.9991,0.9991,0.9991,0.9991,0.9991,0.9991,0.9991,0.9991,0.9991,0.9991,0.9991,0.9991,0.9991,0.9991,0.9991,0.9991,0.9991,0.9986,0.9991,0.9991,0.9991,0.9991,0.9991,0.999,0.9991,0.9991,0.9991,0.9991,0.9991,0.9991,0.9991,0.9991,NA,NA,NA,NA,NA,NA,NA,NA,NA,NA,NA,NA,NA,NA,NA,NA,NA,NA,NA,NA,NA,NA,NA,NA,NA,NA,NA,NA,NA,NA,NA
"45","7CE04400216D",NA,NA,NA,NA,NA,NA,NA,NA,NA,NA,NA,NA,NA,NA,NA,NA,NA,NA,NA,NA,NA,NA,NA,NA,NA,NA,NA,NA,NA,NA,NA,NA,NA,NA,NA,NA,NA,NA,NA,NA,NA,NA,NA,NA,NA,NA,NA,NA,NA,NA,NA,NA,NA,NA,0,0.9991,0.969,0.9991,0.9991,0.9991,0.9991,0.9991,0.9991,0.9991,0.9991,0.9991,0.9991,0.9991,0.9991,0.9991,0.9991,0.9991,0.9991,0.9991,0.9991,0.9991,0.9991,0.9991,0.9991,0.9991,0.9991,0.9991,0.998,0.9991,0.9991,0.9991,0.9991,0.9991,0.9991,0.9986,0.9991,0.9991,0.9991,0.9991,0.9991,0.999,0.9981,0.9991,0.9991,0.9991,0.9991,0.9991,0.9991,0.9991,0.9988,0.9979,0.9991,0.9991,0.9991,0.9991,NA,NA,NA,NA,NA,NA,NA,NA,NA,NA,NA,NA,NA,NA,NA,NA,NA,NA,NA,NA,NA,NA,NA,NA,NA
"46","7CE0440021A6",NA,NA,NA,NA,NA,NA,NA,NA,NA,NA,NA,NA,NA,NA,NA,NA,NA,NA,NA,NA,NA,NA,NA,NA,NA,NA,NA,NA,NA,NA,NA,NA,NA,NA,NA,NA,NA,NA,NA,NA,NA,NA,NA,NA,NA,NA,NA,NA,NA,NA,NA,NA,NA,NA,0,0.9991,0.9689,0.9991,0.9991,0.9991,0.9991,0.9991,0.9991,0.9991,0.9991,0.9991,0.9991,0.9991,0.9991,0.9991,0.9991,0.9991,0.9991,0.9991,0.9991,0.9991,0.9991,0.9991,0.9991,0.9991,0.9991,0.9991,0.9991,0.9991,0.9991,0.9991,0.9991,0.9991,0.9991,0.9987,0.9991,0.9991,0.9991,0.9991,0.9991,0.999,0.9991,0.9991,0.9991,0.9991,0.9991,0.9991,0.9991,0.9991,0.9987,0.9991,0.9991,0.9991,0.9991,0.9991,NA,NA,NA,NA,NA,NA,NA,NA,NA,NA,NA,NA,NA,NA,NA,NA,NA,NA,NA,NA,NA,NA,NA,NA,NA
"47","7CE0440021A7",NA,NA,NA,NA,NA,NA,NA,NA,NA,NA,NA,NA,NA,NA,NA,NA,NA,NA,NA,NA,NA,NA,NA,NA,NA,NA,NA,NA,NA,NA,NA,NA,NA,NA,NA,NA,NA,NA,NA,NA,NA,NA,NA,NA,NA,NA,NA,NA,NA,NA,NA,NA,NA,NA,0,0.9991,0.9473,0.9991,0.9977,0.9991,0.9991,0.999,0.9991,0.9991,0.999,0.999,0.9991,0.9991,0.9991,0.999,0.9986,0.9991,0.9991,0.9991,0.999,0.9991,0.9991,0.9991,0.9978,0.9991,0.9991,0.999,0.9978,0.9971,0.9983,0.9991,0.999,0.9991,0.9991,0.9991,0.9991,0.9991,0.9991,0.9991,0.999,0.999,0.9991,0.9991,0.9991,0.999,0.999,0.999,0.999,0.999,NA,NA,NA,NA,NA,NA,NA,NA,NA,NA,NA,NA,NA,NA,NA,NA,NA,NA,NA,NA,NA,NA,NA,NA,NA,NA,NA,NA,NA,NA,NA
"48","7CE0440021B4",NA,NA,NA,NA,NA,NA,NA,NA,NA,NA,NA,NA,NA,NA,NA,NA,NA,NA,NA,NA,NA,NA,NA,NA,NA,NA,NA,NA,NA,NA,NA,NA,NA,NA,NA,NA,NA,NA,NA,NA,NA,NA,NA,NA,NA,NA,NA,NA,NA,NA,NA,NA,NA,NA,0,0.9991,0.9599,0.9991,0.9877,0.9991,0.9991,0.9991,0.9991,0.9991,0.9982,0.9991,0.9991,0.9991,0.9991,0.9991,0.9991,0.9991,0.9991,0.9991,0.9991,0.9991,0.9991,0.9991,0.9991,0.9991,0.9991,0.999,0.9991,0.9991,0.9991,0.9991,0.9991,0.9991,0.9991,0.9991,0.9991,0.9991,0.9991,0.9991,0.9991,0.9989,0.9991,0.9991,0.9991,0.9991,0.9991,0.9991,0.9991,0.9991,NA,NA,NA,NA,NA,NA,NA,NA,NA,NA,NA,NA,NA,NA,NA,NA,NA,NA,NA,NA,NA,NA,NA,NA,NA,NA,NA,NA,NA,NA,NA
"49","7CE0440021B8",NA,NA,NA,NA,NA,NA,NA,NA,NA,NA,NA,NA,NA,NA,NA,NA,NA,NA,NA,NA,NA,NA,NA,NA,NA,NA,NA,NA,NA,NA,NA,NA,NA,NA,NA,NA,NA,NA,NA,NA,NA,NA,NA,NA,NA,NA,NA,NA,NA,NA,NA,NA,NA,NA,0,0.9991,0.96,0.9991,0.9876,0.9991,0.9991,0.9991,0.9991,0.9991,0.9991,0.9991,0.9991,0.9991,0.9991,0.9991,0.9991,0.9991,0.9991,0.9991,0.9991,0.9991,0.9991,0.9991,0.9991,0.9991,0.9991,0.999,0.9991,0.9991,0.9991,0.9991,0.9991,0.9991,0.9991,0.9991,0.9991,0.9991,0.9991,0.9991,0.9991,0.999,0.9991,0.9991,0.9991,0.9991,0.9991,0.9991,0.9991,0.9991,NA,NA,NA,NA,NA,NA,NA,NA,NA,NA,NA,NA,NA,NA,NA,NA,NA,NA,NA,NA,NA,NA,NA,NA,NA,NA,NA,NA,NA,NA,NA
"50","7CE0440021DB",NA,NA,NA,NA,NA,NA,NA,NA,NA,NA,NA,NA,NA,NA,NA,NA,NA,NA,NA,NA,NA,NA,NA,NA,NA,NA,NA,NA,NA,NA,NA,NA,NA,NA,NA,NA,NA,NA,NA,NA,NA,NA,NA,NA,NA,NA,NA,NA,NA,NA,NA,NA,NA,NA,0,0.9991,0.9602,0.9991,0.9877,0.9991,0.9991,0.9991,0.9991,0.9983,0.9991,0.9991,0.9991,0.9991,0.9991,0.9991,0.9991,0.9991,0.9991,0.9991,0.9991,0.9991,0.9991,0.9991,0.9991,0.9991,0.9991,0.999,0.9991,0.9991,0.9991,0.9991,0.9991,0.9982,0.9991,0.9991,0.9991,0.9991,0.9991,0.9991,0.9991,0.9989,0.9991,0.9991,0.9991,0.9991,0.9991,0.9991,0.9991,0.9991,NA,NA,NA,NA,NA,NA,NA,NA,NA,NA,NA,NA,NA,NA,NA,NA,NA,NA,NA,NA,NA,NA,NA,NA,NA,NA,NA,NA,NA,NA,NA
"51","7CE044002248",NA,NA,NA,NA,NA,NA,NA,NA,NA,NA,NA,NA,NA,NA,NA,NA,NA,NA,NA,NA,NA,NA,NA,NA,NA,NA,NA,NA,NA,NA,NA,NA,NA,NA,NA,NA,NA,NA,NA,NA,NA,NA,NA,NA,NA,NA,NA,NA,NA,NA,NA,NA,NA,NA,0,0.9991,0.9602,0.9991,0.9877,0.9979,0.9991,0.9991,0.9991,0.9991,0.9991,0.9991,0.9991,0.9991,0.9991,0.9991,0.9991,0.9991,0.9991,0.9991,0.9991,0.9991,0.9991,0.9991,0.9991,0.9991,0.9991,0.999,0.9991,0.9991,0.9991,0.9991,0.9991,0.9991,0.9991,0.9991,0.9991,0.9991,0.9991,0.9991,0.9991,0.9989,0.9991,0.9991,0.9991,0.9991,0.9991,0.9991,0.9991,0.9991,0.9985,0.9991,0.9991,0.9991,0.9991,0.999,0.999,0.9991,0.9991,0.9991,0.9991,0.9991,0.9991,0.9991,0.9991,0.9991,0.9991,0.9991,0.9991,0.9991,0.9991,0.9991,0.9991,0.9991,0.9991,0.999,0.999,0.9991,0.9991,0.9991,0.9991
"52","7CE044002249",NA,NA,NA,NA,NA,NA,NA,NA,NA,NA,NA,NA,NA,NA,NA,NA,NA,NA,NA,NA,NA,NA,NA,NA,NA,NA,NA,NA,NA,NA,NA,NA,NA,NA,NA,NA,NA,NA,NA,NA,NA,NA,NA,NA,NA,NA,NA,NA,NA,NA,NA,NA,NA,NA,0,0.9991,0.9473,0.9991,0.999,0.9978,0.9991,0.999,0.9991,0.9991,0.999,0.999,0.9991,0.9991,0.9991,0.999,0.9986,0.9991,0.9991,0.9991,0.999,0.9991,0.9991,0.9991,0.9991,0.9991,0.9991,0.999,0.9991,0.9991,0.9991,0.9991,0.999,0.9991,0.9991,0.9991,0.9991,0.9991,0.9991,0.9991,0.999,0.9989,0.9991,0.9991,0.9991,0.999,0.999,0.999,0.999,0.999,NA,NA,NA,NA,NA,NA,NA,NA,NA,NA,NA,NA,NA,NA,NA,NA,NA,NA,NA,NA,NA,NA,NA,NA,NA,NA,NA,NA,NA,NA,NA
"53","7CE04400224A",NA,NA,NA,NA,NA,NA,NA,NA,NA,NA,NA,NA,NA,NA,NA,NA,NA,NA,NA,NA,NA,NA,NA,NA,NA,NA,NA,NA,NA,NA,NA,NA,NA,NA,NA,NA,NA,NA,NA,NA,NA,NA,NA,NA,NA,NA,NA,NA,NA,NA,NA,NA,NA,NA,0,0.9991,0.9692,0.9991,0.9991,0.9991,0.9991,0.9991,0.9991,0.9991,0.9991,0.9991,0.9991,0.9991,0.9991,0.9991,0.9991,0.9991,0.9991,0.9991,0.9991,0.9991,0.9991,0.9991,0.9991,0.9991,0.9991,0.9991,0.9991,0.9991,0.9991,0.9991,0.9991,0.9991,0.9991,0.9986,0.9991,0.9991,0.9991,0.9991,0.9991,0.9989,0.9983,0.9991,0.9991,0.9991,0.9991,0.9991,0.9991,0.9991,NA,NA,NA,NA,NA,NA,NA,NA,NA,NA,NA,NA,NA,NA,NA,NA,NA,NA,NA,NA,NA,NA,NA,NA,NA,NA,NA,NA,NA,NA,NA
"54","7CE04400224C",NA,NA,NA,NA,NA,NA,NA,NA,NA,NA,NA,NA,NA,NA,NA,NA,NA,NA,NA,NA,NA,NA,NA,NA,NA,NA,NA,NA,NA,NA,NA,NA,NA,NA,NA,NA,NA,NA,NA,NA,NA,NA,NA,NA,NA,NA,NA,NA,NA,NA,NA,NA,NA,NA,1e-04,0.9991,0.9724,0.9991,0.9991,0.9983,0.9991,0.9991,0.9991,0.9991,0.9991,0.9991,0.9991,0.9991,0.9991,0.9991,0.9991,0.9991,0.9991,0.9991,0.9991,0.9991,0.9991,0.9991,0.9991,0.9991,0.9991,0.9991,0.9991,0.9991,0.9991,0.9991,0.9991,0.9991,0.9991,0.9991,0.9991,0.9991,0.9991,0.9991,0.9991,0.9989,0.9991,0.9991,0.9991,0.9991,0.9991,0.9991,0.9991,0.9991,NA,NA,NA,NA,NA,NA,NA,NA,NA,NA,NA,NA,NA,NA,NA,NA,NA,NA,NA,NA,NA,NA,NA,NA,NA,NA,NA,NA,NA,NA,NA
"55","7CE044002251",NA,NA,NA,NA,NA,NA,NA,NA,NA,NA,NA,NA,NA,NA,NA,NA,NA,NA,NA,NA,NA,NA,NA,NA,NA,NA,NA,NA,NA,NA,NA,NA,NA,NA,NA,NA,NA,NA,NA,NA,NA,NA,NA,NA,NA,NA,NA,NA,NA,NA,NA,NA,NA,NA,1e-04,0.9991,0.9474,0.9991,0.999,0.9991,0.9991,0.999,0.9991,0.9991,0.999,0.999,0.9991,0.9991,0.9991,0.999,0.9986,0.9991,0.9991,0.9991,0.999,0.9991,0.9991,0.9991,0.9991,0.9991,0.9991,0.9978,0.9991,0.9991,0.9991,0.9991,0.999,0.9991,0.9991,0.9991,0.9991,0.9991,0.9991,0.9991,0.999,0.9989,0.9991,0.9991,0.9991,0.999,0.999,0.999,0.999,0.999,NA,NA,NA,NA,NA,NA,NA,NA,NA,NA,NA,NA,NA,NA,NA,NA,NA,NA,NA,NA,NA,NA,NA,NA,NA,NA,NA,NA,NA,NA,NA
"56","7CE0440022EC",NA,NA,NA,NA,NA,NA,NA,NA,NA,NA,NA,NA,NA,NA,NA,NA,NA,NA,NA,NA,NA,NA,NA,NA,NA,NA,NA,NA,NA,NA,NA,NA,NA,NA,NA,NA,NA,NA,NA,NA,NA,NA,NA,NA,NA,NA,NA,NA,NA,NA,NA,NA,NA,NA,0,0.999,0.9723,0.9991,0.9991,0.9991,0.9991,0.9991,0.9991,0.9991,0.9991,0.9991,0.9991,0.9991,0.9991,0.9991,0.9991,0.9991,0.9991,0.9991,0.9991,0.9991,0.9991,0.9991,0.9991,0.9991,0.9991,0.9991,0.9991,0.9991,0.9991,0.9991,0.9991,0.9991,0.9991,0.9991,0.9991,0.9991,0.9991,0.9991,0.9991,0.9989,0.9991,0.9991,0.9991,0.9991,0.9991,0.9991,0.9991,0.9991,0.9986,0.9991,0.9991,0.9991,0.9991,0.9991,NA,NA,NA,NA,NA,NA,NA,NA,NA,NA,NA,NA,NA,NA,NA,NA,NA,NA,NA,NA,NA,NA,NA,NA,NA
"57","7CE0440022ED",NA,NA,NA,NA,NA,NA,NA,NA,NA,NA,NA,NA,NA,NA,NA,NA,NA,NA,NA,NA,NA,NA,NA,NA,NA,NA,NA,NA,NA,NA,NA,NA,NA,NA,NA,NA,NA,NA,NA,NA,NA,NA,NA,NA,NA,NA,NA,NA,NA,NA,NA,NA,NA,NA,0,0.9991,0.9474,0.9991,0.999,0.9991,0.9991,0.999,0.9981,0.9991,0.999,0.999,0.9991,0.9978,0.9991,0.999,0.9986,0.9991,0.9991,0.9991,0.999,0.9991,0.9991,0.9991,0.9991,0.9991,0.9991,0.999,0.9991,0.9991,0.9991,0.9991,0.999,0.9991,0.9991,0.9991,0.9991,0.9991,0.9991,0.9991,0.999,0.9989,0.9991,0.9991,0.9991,0.999,0.999,0.999,0.9979,0.999,0.9986,0.9991,0.9991,0.999,0.9991,0.999,NA,NA,NA,NA,NA,NA,NA,NA,NA,NA,NA,NA,NA,NA,NA,NA,NA,NA,NA,NA,NA,NA,NA,NA,NA
"58","7CE044001144",NA,NA,NA,NA,NA,NA,NA,NA,NA,NA,NA,NA,NA,NA,NA,NA,NA,NA,NA,NA,NA,NA,NA,NA,NA,NA,NA,NA,NA,NA,NA,NA,NA,NA,NA,NA,NA,NA,NA,NA,NA,NA,NA,NA,NA,NA,NA,NA,NA,NA,NA,NA,NA,NA,NA,0.037,0.9991,0.9991,0.9991,0.9991,0.9991,0.9991,0.9991,0.9991,0.9991,0.9991,0.9991,0.9991,0.9991,0.9984,0.9991,0.9991,0.9991,0.9991,0.9991,0.9991,0.9991,0.9991,0.9991,0.9991,0.9991,0.9991,0.9991,0.9991,0.9991,0.9991,0.9983,0.9991,0.9991,0.9991,0.9991,0.9991,0.9991,0.9991,0.9991,0.9989,0.9991,0.9991,0.9991,0.9991,0.9991,0.9991,0.7606,0.999,0.999,0.9991,0.9991,0.9991,0.9991,0.969,0.999,0.9991,0.9991,0.9991,0.9991,0.9991,0.9991,0.9991,0.9991,0.9991,0.9991,0.9991,0.9991,0.9991,0.9991,0.9991,0.9991,0.9991,0.9991,0.9991,0.9991,0.9991,0.9991,0.9991,0.9982
"59","7CE04400024F",NA,NA,NA,NA,NA,NA,NA,NA,NA,NA,NA,NA,NA,NA,NA,NA,NA,NA,NA,NA,NA,NA,NA,NA,NA,NA,NA,NA,NA,NA,NA,NA,NA,NA,NA,NA,NA,NA,NA,NA,NA,NA,NA,NA,NA,NA,NA,NA,NA,NA,NA,NA,NA,NA,NA,NA,NA,NA,NA,NA,NA,NA,NA,NA,NA,NA,NA,NA,NA,NA,NA,NA,NA,NA,NA,NA,NA,NA,NA,NA,NA,NA,NA,NA,NA,NA,NA,NA,NA,NA,NA,NA,NA,NA,NA,NA,NA,NA,NA,NA,NA,NA,2e-04,0.999,0.999,0.9991,0.9991,0.9991,0.9991,0.9691,0.999,0.9991,0.9991,0.9991,0.9991,0.9991,0.9991,0.9991,0.9991,0.9991,0.9991,0.9991,0.9991,0.9991,0.9991,0.9991,0.9991,0.9991,0.9991,0.9991,0.9991,0.9991,0.9991,0.9991,0.9991
"60","7CE044001557",NA,NA,NA,NA,NA,NA,NA,NA,NA,NA,NA,NA,NA,NA,NA,NA,NA,NA,NA,NA,NA,NA,NA,NA,NA,NA,NA,NA,NA,NA,NA,NA,NA,NA,NA,NA,NA,NA,NA,NA,NA,NA,NA,NA,NA,NA,NA,NA,NA,NA,NA,NA,NA,NA,NA,NA,NA,NA,NA,NA,NA,NA,NA,NA,NA,NA,NA,NA,NA,NA,NA,NA,NA,NA,NA,NA,NA,NA,NA,NA,NA,NA,NA,NA,NA,NA,NA,NA,NA,NA,NA,NA,NA,NA,NA,NA,NA,NA,NA,NA,NA,NA,0,0.999,0.999,0.9991,0.9991,0.9991,0.9991,0.969,0.9976,0.9991,0.9991,0.9991,0.9991,0.9991,0.9991,0.9991,0.9991,0.9991,0.9991,0.9991,0.9991,0.9977,0.9991,0.9982,0.9991,0.9991,0.9991,0.9991,0.9967,0.9991,0.9981,0.9991,0.9991
"61","7CE04400186C",NA,NA,NA,NA,NA,NA,NA,NA,NA,NA,NA,NA,NA,NA,NA,NA,NA,NA,NA,NA,NA,NA,NA,NA,NA,NA,NA,NA,NA,NA,NA,NA,NA,NA,NA,NA,NA,NA,NA,NA,NA,NA,NA,NA,NA,NA,NA,NA,NA,NA,NA,NA,NA,NA,NA,NA,NA,NA,NA,NA,NA,NA,NA,NA,NA,NA,NA,NA,NA,NA,NA,NA,NA,NA,NA,NA,NA,NA,NA,NA,NA,NA,NA,NA,NA,NA,NA,NA,NA,NA,NA,NA,NA,NA,NA,NA,NA,NA,NA,NA,NA,NA,0,0.9991,0.9991,0.9991,0.9991,0.9991,0.9991,0.9795,0.999,0.9991,0.9991,0.9982,0.9991,0.9991,0.9991,0.9991,0.9991,0.9991,0.9991,0.9979,0.9991,0.9991,0.9972,0.9991,0.9991,0.9991,0.9991,0.9991,0.9991,0.9991,0.9991,0.9991,0.9991
"62","7CE04400186D",NA,NA,NA,NA,NA,NA,NA,NA,NA,NA,NA,NA,NA,NA,NA,NA,NA,NA,NA,NA,NA,NA,NA,NA,NA,NA,NA,NA,NA,NA,NA,NA,NA,NA,NA,NA,NA,NA,NA,NA,NA,NA,NA,NA,NA,NA,NA,NA,NA,NA,NA,NA,NA,NA,NA,NA,NA,NA,NA,NA,NA,NA,NA,NA,NA,NA,NA,NA,NA,NA,NA,NA,NA,NA,NA,NA,NA,NA,NA,NA,NA,NA,NA,NA,NA,NA,NA,NA,NA,NA,NA,NA,NA,NA,NA,NA,NA,NA,NA,NA,NA,NA,0,0.999,0.999,0.9991,0.9991,0.9991,0.9991,0.969,0.9989,0.9991,0.9991,0.9991,0.9991,0.9991,0.9991,0.9991,0.9991,0.9991,0.9991,0.9991,0.9991,0.9991,0.9991,0.9991,0.9991,0.9991,0.9979,0.9991,0.9991,0.9991,0.9991,0.9991,0.9991
"63","7CE04400188A",NA,NA,NA,NA,NA,NA,NA,NA,NA,NA,NA,NA,NA,NA,NA,NA,NA,NA,NA,NA,NA,NA,NA,NA,NA,NA,NA,NA,NA,NA,NA,NA,NA,NA,NA,NA,NA,NA,NA,NA,NA,NA,NA,NA,NA,NA,NA,NA,NA,NA,NA,NA,NA,NA,NA,NA,NA,NA,NA,NA,NA,NA,NA,NA,NA,NA,NA,NA,NA,NA,NA,NA,NA,NA,NA,NA,NA,NA,NA,NA,NA,NA,NA,NA,NA,NA,NA,NA,NA,NA,NA,NA,NA,NA,NA,NA,NA,NA,NA,NA,NA,NA,0,0.9989,0.999,0.9991,0.9991,0.9991,0.9991,0.9794,0.999,0.9991,0.9991,0.9991,0.9991,0.9991,0.9991,0.9991,0.9991,0.9991,0.9991,0.9991,0.9991,0.9991,0.9991,0.9991,0.9991,0.9991,0.9991,0.9991,0.9991,0.9991,0.9991,0.9991,0.9991
"64","7CE0440018E6",NA,NA,NA,NA,NA,NA,NA,NA,NA,NA,NA,NA,NA,NA,NA,NA,NA,NA,NA,NA,NA,NA,NA,NA,NA,NA,NA,NA,NA,NA,NA,NA,NA,NA,NA,NA,NA,NA,NA,NA,NA,NA,NA,NA,NA,NA,NA,NA,NA,NA,NA,NA,NA,NA,NA,NA,NA,NA,NA,NA,NA,NA,NA,NA,NA,NA,NA,NA,NA,NA,NA,NA,NA,NA,NA,NA,NA,NA,NA,NA,NA,NA,NA,NA,NA,NA,NA,NA,NA,NA,NA,NA,NA,NA,NA,NA,NA,NA,NA,NA,NA,NA,0,0.9991,0.999,0.9991,0.9991,0.9991,0.9991,0.9691,0.999,0.9991,0.9991,0.9991,0.9991,0.9991,0.9991,0.9991,0.9991,0.9991,0.9991,0.9991,0.9991,0.9991,0.9991,0.9991,0.9991,0.9991,0.9991,0.9991,0.9991,0.9991,0.9991,0.9991,0.9991
"65","7CE0440019AF",NA,NA,NA,NA,NA,NA,NA,NA,NA,NA,NA,NA,NA,NA,NA,NA,NA,NA,NA,NA,NA,NA,NA,NA,NA,NA,NA,NA,NA,NA,NA,NA,NA,NA,NA,NA,NA,NA,NA,NA,NA,NA,NA,NA,NA,NA,NA,NA,NA,NA,NA,NA,NA,NA,NA,NA,NA,NA,NA,NA,NA,NA,NA,NA,NA,NA,NA,NA,NA,NA,NA,NA,NA,NA,NA,NA,NA,NA,NA,NA,NA,NA,NA,NA,NA,NA,NA,NA,NA,NA,NA,NA,NA,NA,NA,NA,NA,NA,NA,NA,NA,NA,0,0.9989,0.999,0.9991,0.9991,0.9983,0.9982,0.9794,0.999,0.9983,0.9991,0.9991,0.9991,0.9984,0.9991,0.9991,0.9991,0.9991,0.9983,0.9991,0.998,0.9982,0.9991,0.9991,0.9991,0.9991,0.9991,0.9991,0.9991,0.9991,0.9991,0.9991,0.9991
"66","7CE0440019CD",NA,NA,NA,NA,NA,NA,NA,NA,NA,NA,NA,NA,NA,NA,NA,NA,NA,NA,NA,NA,NA,NA,NA,NA,NA,NA,NA,NA,NA,NA,NA,NA,NA,NA,NA,NA,NA,NA,NA,NA,NA,NA,NA,NA,NA,NA,NA,NA,NA,NA,NA,NA,NA,NA,NA,NA,NA,NA,NA,NA,NA,NA,NA,NA,NA,NA,NA,NA,NA,NA,NA,NA,NA,NA,NA,NA,NA,NA,NA,NA,NA,NA,NA,NA,NA,NA,NA,NA,NA,NA,NA,NA,NA,NA,NA,NA,NA,NA,NA,NA,NA,NA,0,0.9989,0.999,0.9991,0.9991,0.9991,0.9991,0.9794,0.9989,0.9991,0.9991,0.9991,0.9991,0.9991,0.9979,0.9991,0.9991,0.9991,0.9991,0.9991,0.9991,0.9991,0.9991,0.9991,0.9991,0.9991,0.9991,0.9991,0.9991,0.9991,0.9991,0.9991,0.9991
"67","7CE044001EE0",NA,NA,NA,NA,NA,NA,NA,NA,NA,NA,NA,NA,NA,NA,NA,NA,NA,NA,NA,NA,NA,NA,NA,NA,NA,NA,NA,NA,NA,NA,NA,NA,NA,NA,NA,NA,NA,NA,NA,NA,NA,NA,NA,NA,NA,NA,NA,NA,NA,NA,NA,NA,NA,NA,NA,NA,NA,NA,NA,NA,NA,NA,NA,NA,NA,NA,NA,NA,NA,NA,NA,NA,NA,NA,NA,NA,NA,NA,NA,NA,NA,NA,NA,NA,NA,NA,NA,NA,NA,NA,NA,NA,NA,NA,NA,NA,NA,NA,NA,NA,NA,NA,0,0.9989,0.999,0.9991,0.9991,0.9991,0.9991,0.9794,0.999,0.9991,0.9991,0.9991,0.9991,0.9991,0.9991,0.9991,0.9991,0.9991,0.9991,0.9991,0.9991,0.9991,0.9991,0.9991,0.9991,0.9991,0.9991,0.9991,0.9991,0.9991,0.9991,0.9991,0.9991
"68","7CE04400208F",NA,NA,NA,NA,NA,NA,NA,NA,NA,NA,NA,NA,NA,NA,NA,NA,NA,NA,NA,NA,NA,NA,NA,NA,NA,NA,NA,NA,NA,NA,NA,NA,NA,NA,NA,NA,NA,NA,NA,NA,NA,NA,NA,NA,NA,NA,NA,NA,NA,NA,NA,NA,NA,NA,NA,NA,NA,NA,NA,NA,NA,NA,NA,NA,NA,NA,NA,NA,NA,NA,NA,NA,NA,NA,NA,NA,NA,NA,NA,NA,NA,NA,NA,NA,NA,NA,NA,NA,NA,NA,NA,NA,NA,NA,NA,NA,NA,NA,NA,NA,NA,NA,0,0.9971,0.9958,0.9959,0.999,0.9969,0.998,0.9795,0.9989,0.999,0.999,0.997,0.9971,0.999,0.996,0.9983,0.9982,0.999,0.999,0.999,0.9978,0.9982,0.999,0.9981,0.998,0.9979,0.999,0.9983,0.9969,0.9976,0.999,0.9963,0.9966
"69","7CE044001236",NA,NA,NA,NA,NA,NA,NA,NA,NA,NA,NA,NA,NA,NA,NA,NA,NA,NA,NA,NA,NA,NA,NA,NA,NA,NA,NA,NA,NA,NA,NA,NA,NA,NA,NA,NA,NA,NA,NA,NA,NA,NA,NA,NA,NA,NA,NA,NA,NA,NA,NA,NA,NA,NA,NA,NA,NA,NA,NA,NA,NA,NA,NA,NA,NA,NA,NA,NA,NA,NA,NA,NA,NA,NA,NA,NA,NA,NA,NA,NA,NA,NA,NA,NA,NA,NA,NA,NA,NA,NA,NA,NA,NA,NA,NA,NA,NA,NA,NA,NA,NA,NA,NA,0,0.999,0.9991,0.9991,0.9991,0.9991,0.999,0.9989,0.9991,0.9991,0.9991,0.9991,0.9991,0.9991,0.9991,0.9991,0.9991,0.9991,0.9991,0.9991,0.9991,0.9991,0.9991,0.9991,0.9991,0.9991,0.9991,0.9991,0.9991,0.9991,0.9991,0.9991
"70","7CE04400182C",NA,NA,NA,NA,NA,NA,NA,NA,NA,NA,NA,NA,NA,NA,NA,NA,NA,NA,NA,NA,NA,NA,NA,NA,NA,NA,NA,NA,NA,NA,NA,NA,NA,NA,NA,NA,NA,NA,NA,NA,NA,NA,NA,NA,NA,NA,NA,NA,NA,NA,NA,NA,NA,NA,NA,NA,NA,NA,NA,NA,NA,NA,NA,NA,NA,NA,NA,NA,NA,NA,NA,NA,NA,NA,NA,NA,NA,NA,NA,NA,NA,NA,NA,NA,NA,NA,NA,NA,NA,NA,NA,NA,NA,NA,NA,NA,NA,NA,NA,NA,NA,NA,NA,0,0.9991,0.9991,0.9991,0.9991,0.9991,0.9959,0.9989,0.9991,0.9991,0.9991,0.9991,0.9991,0.9991,0.9991,0.9991,0.9991,0.9991,0.9991,0.9991,0.9991,0.9991,0.9991,0.9991,0.9991,0.9991,0.9991,0.9991,0.9977,0.9991,0.9991,0.9991
"71","7CE04400182E",NA,NA,NA,NA,NA,NA,NA,NA,NA,NA,NA,NA,NA,NA,NA,NA,NA,NA,NA,NA,NA,NA,NA,NA,NA,NA,NA,NA,NA,NA,NA,NA,NA,NA,NA,NA,NA,NA,NA,NA,NA,NA,NA,NA,NA,NA,NA,NA,NA,NA,NA,NA,NA,NA,NA,NA,NA,NA,NA,NA,NA,NA,NA,NA,NA,NA,NA,NA,NA,NA,NA,NA,NA,NA,NA,NA,NA,NA,NA,NA,NA,NA,NA,NA,NA,NA,NA,NA,NA,NA,NA,NA,NA,NA,NA,NA,NA,NA,NA,NA,NA,NA,NA,0,0.9983,0.9991,0.9991,0.9991,0.9991,0.999,0.999,0.9991,0.9991,0.9991,0.9991,0.9991,0.9991,0.9991,0.9991,0.9991,0.9991,0.9991,0.9991,0.9991,0.9991,0.9991,0.9991,0.9991,0.9991,0.9991,0.9991,0.9991,0.9991,0.9991,0.9991
"72","7CE044001962",NA,NA,NA,NA,NA,NA,NA,NA,NA,NA,NA,NA,NA,NA,NA,NA,NA,NA,NA,NA,NA,NA,NA,NA,NA,NA,NA,NA,NA,NA,NA,NA,NA,NA,NA,NA,NA,NA,NA,NA,NA,NA,NA,NA,NA,NA,NA,NA,NA,NA,NA,NA,NA,NA,NA,NA,NA,NA,NA,NA,NA,NA,NA,NA,NA,NA,NA,NA,NA,NA,NA,NA,NA,NA,NA,NA,NA,NA,NA,NA,NA,NA,NA,NA,NA,NA,NA,NA,NA,NA,NA,NA,NA,NA,NA,NA,NA,NA,NA,NA,NA,NA,NA,0,0.999,0.9991,0.9991,0.9991,0.9991,0.999,0.9989,0.9991,0.9991,0.9991,0.9991,0.9991,0.9991,0.9991,0.9991,0.9991,0.9991,0.9991,0.9991,0.9991,0.9991,0.9991,0.9991,0.9991,0.9991,0.9991,0.9991,0.9991,0.9991,0.9991,0.9991
"73","7CE044002202",NA,NA,NA,NA,NA,NA,NA,NA,NA,NA,NA,NA,NA,NA,NA,NA,NA,NA,NA,NA,NA,NA,NA,NA,NA,NA,NA,NA,NA,NA,NA,NA,NA,NA,NA,NA,NA,NA,NA,NA,NA,NA,NA,NA,NA,NA,NA,NA,NA,NA,NA,NA,NA,NA,NA,NA,NA,NA,NA,NA,NA,NA,NA,NA,NA,NA,NA,NA,NA,NA,NA,NA,NA,NA,NA,NA,NA,NA,NA,NA,NA,NA,NA,NA,NA,NA,NA,NA,NA,NA,NA,NA,NA,NA,NA,NA,NA,NA,NA,NA,NA,NA,NA,0,0.999,0.9991,0.9991,0.9991,0.9991,0.999,0.999,0.9991,0.9991,0.9991,0.9991,0.9991,0.9991,0.9991,0.9991,0.9991,0.9991,0.9991,0.9991,0.9991,0.9991,0.998,0.9991,0.9991,0.9991,0.9991,0.9991,0.9991,0.9991,0.9991,0.9991
"74","7CE04400229B",NA,NA,NA,NA,NA,NA,NA,NA,NA,NA,NA,NA,NA,NA,NA,NA,NA,NA,NA,NA,NA,NA,NA,NA,NA,NA,NA,NA,NA,NA,NA,NA,NA,NA,NA,NA,NA,NA,NA,NA,NA,NA,NA,NA,NA,NA,NA,NA,NA,NA,NA,NA,NA,NA,NA,NA,NA,NA,NA,NA,NA,NA,NA,NA,NA,NA,NA,NA,NA,NA,NA,NA,NA,NA,NA,NA,NA,NA,NA,NA,NA,NA,NA,NA,NA,NA,NA,NA,NA,NA,NA,NA,NA,NA,NA,NA,NA,NA,NA,NA,NA,NA,NA,0,0.999,0.9991,0.9991,0.9991,0.9991,0.999,0.9989,0.9991,0.9991,0.9991,0.9991,0.9991,0.9991,0.9991,0.9991,0.9991,0.9991,0.9991,0.9991,0.9991,0.9991,0.9991,0.9991,0.9991,0.9991,0.9991,0.9991,0.9991,0.9991,0.9991,0.9991
"75","7CE044000276",NA,NA,NA,NA,NA,NA,NA,NA,NA,NA,NA,NA,NA,NA,NA,NA,NA,NA,NA,NA,NA,NA,NA,NA,NA,NA,NA,NA,NA,NA,NA,NA,NA,NA,NA,NA,NA,NA,NA,NA,NA,NA,NA,NA,NA,NA,NA,NA,NA,NA,NA,NA,NA,NA,NA,NA,NA,NA,NA,NA,NA,NA,NA,NA,NA,NA,NA,NA,NA,NA,NA,NA,NA,NA,NA,NA,NA,NA,NA,NA,NA,NA,NA,NA,NA,NA,NA,NA,NA,NA,NA,NA,NA,NA,NA,NA,NA,NA,NA,NA,NA,NA,NA,NA,0,0.9991,0.9991,0.9991,0.9991,0.999,0.9989,0.9991,0.9991,0.9991,0.9982,0.9991,0.9991,0.9991,0.9991,0.9991,0.9991,0.9991,0.9991,0.9991,0.9991,0.9991,0.9991,0.9991,0.9991,0.9991,0.9991,0.9991,0.9991,0.9991,0.9991
"76","7CE044001598",NA,NA,NA,NA,NA,NA,NA,NA,NA,NA,NA,NA,NA,NA,NA,NA,NA,NA,NA,NA,NA,NA,NA,NA,NA,NA,NA,NA,NA,NA,NA,NA,NA,NA,NA,NA,NA,NA,NA,NA,NA,NA,NA,NA,NA,NA,NA,NA,NA,NA,NA,NA,NA,NA,NA,NA,NA,NA,NA,NA,NA,NA,NA,NA,NA,NA,NA,NA,NA,NA,NA,NA,NA,NA,NA,NA,NA,NA,NA,NA,NA,NA,NA,NA,NA,NA,NA,NA,NA,NA,NA,NA,NA,NA,NA,NA,NA,NA,NA,NA,NA,NA,NA,NA,0,0.9991,0.9991,0.999,0.9991,0.9989,0.9989,0.9984,0.9986,0.999,0.9991,0.9991,0.9991,0.9991,0.9991,0.9991,0.9991,0.9989,0.9991,0.9991,0.9991,0.9991,0.9991,0.999,0.9991,0.999,0.999,0.9991,0.999,0.9991,0.9991
"77","7CE044001609",NA,NA,NA,NA,NA,NA,NA,NA,NA,NA,NA,NA,NA,NA,NA,NA,NA,NA,NA,NA,NA,NA,NA,NA,NA,NA,NA,NA,NA,NA,NA,NA,NA,NA,NA,NA,NA,NA,NA,NA,NA,NA,NA,NA,NA,NA,NA,NA,NA,NA,NA,NA,NA,NA,NA,NA,NA,NA,NA,NA,NA,NA,NA,NA,NA,NA,NA,NA,NA,NA,NA,NA,NA,NA,NA,NA,NA,NA,NA,NA,NA,NA,NA,NA,NA,NA,NA,NA,NA,NA,NA,NA,NA,NA,NA,NA,NA,NA,NA,NA,NA,NA,NA,NA,0,0.9991,0.9991,0.9991,0.9991,0.999,0.9989,0.9991,0.9991,0.9991,0.9991,0.9991,0.9991,0.9991,0.9991,0.9991,0.9991,0.9991,0.9991,0.9991,0.9991,0.9991,0.9991,0.9991,0.9991,0.999,0.999,0.9991,0.9991,0.9982,0.9991
"78","7CE044001797",NA,NA,NA,NA,NA,NA,NA,NA,NA,NA,NA,NA,NA,NA,NA,NA,NA,NA,NA,NA,NA,NA,NA,NA,NA,NA,NA,NA,NA,NA,NA,NA,NA,NA,NA,NA,NA,NA,NA,NA,NA,NA,NA,NA,NA,NA,NA,NA,NA,NA,NA,NA,NA,NA,NA,NA,NA,NA,NA,NA,NA,NA,NA,NA,NA,NA,NA,NA,NA,NA,NA,NA,NA,NA,NA,NA,NA,NA,NA,NA,NA,NA,NA,NA,NA,NA,NA,NA,NA,NA,NA,NA,NA,NA,NA,NA,NA,NA,NA,NA,NA,NA,NA,NA,0,0.9991,0.9991,0.9991,0.9991,0.999,0.9989,0.9991,0.9991,0.9991,0.9991,0.9991,0.9991,0.9991,0.9991,0.9991,0.9991,0.9991,0.9991,0.9978,0.9991,0.9991,0.9991,0.9991,0.9991,0.999,0.999,0.9991,0.9991,0.9991,0.998
"79","7CE0440017F0",NA,NA,NA,NA,NA,NA,NA,NA,NA,NA,NA,NA,NA,NA,NA,NA,NA,NA,NA,NA,NA,NA,NA,NA,NA,NA,NA,NA,NA,NA,NA,NA,NA,NA,NA,NA,NA,NA,NA,NA,NA,NA,NA,NA,NA,NA,NA,NA,NA,NA,NA,NA,NA,NA,NA,NA,NA,NA,NA,NA,NA,NA,NA,NA,NA,NA,NA,NA,NA,NA,NA,NA,NA,NA,NA,NA,NA,NA,NA,NA,NA,NA,NA,NA,NA,NA,NA,NA,NA,NA,NA,NA,NA,NA,NA,NA,NA,NA,NA,NA,NA,NA,NA,NA,0,0.9991,0.9991,0.9991,0.9991,0.987,0.999,0.9991,0.9986,0.9991,0.9991,0.9991,0.9991,0.9991,0.9991,0.9987,0.9991,0.9991,0.9991,0.9991,0.9991,0.9991,0.9987,0.9991,0.9991,0.9991,0.9991,0.9991,0.9991,0.9991,0.9991
"80","7CE044001843",NA,NA,NA,NA,NA,NA,NA,NA,NA,NA,NA,NA,NA,NA,NA,NA,NA,NA,NA,NA,NA,NA,NA,NA,NA,NA,NA,NA,NA,NA,NA,NA,NA,NA,NA,NA,NA,NA,NA,NA,NA,NA,NA,NA,NA,NA,NA,NA,NA,NA,NA,NA,NA,NA,NA,NA,NA,NA,NA,NA,NA,NA,NA,NA,NA,NA,NA,NA,NA,NA,NA,NA,NA,NA,NA,NA,NA,NA,NA,NA,NA,NA,NA,NA,NA,NA,NA,NA,NA,NA,NA,NA,NA,NA,NA,NA,NA,NA,NA,NA,NA,NA,NA,NA,0,0.9991,0.9983,0.999,0.9991,0.9989,0.999,0.9985,0.9986,0.999,0.9991,0.9991,0.9991,0.9991,0.9991,0.9991,0.9991,0.9989,0.9991,0.9991,0.9991,0.9991,0.9991,0.999,0.9991,0.999,0.999,0.9991,0.999,0.9991,0.9991
"81","7CE0440019E0",NA,NA,NA,NA,NA,NA,NA,NA,NA,NA,NA,NA,NA,NA,NA,NA,NA,NA,NA,NA,NA,NA,NA,NA,NA,NA,NA,NA,NA,NA,NA,NA,NA,NA,NA,NA,NA,NA,NA,NA,NA,NA,NA,NA,NA,NA,NA,NA,NA,NA,NA,NA,NA,NA,NA,NA,NA,NA,NA,NA,NA,NA,NA,NA,NA,NA,NA,NA,NA,NA,NA,NA,NA,NA,NA,NA,NA,NA,NA,NA,NA,NA,NA,NA,NA,NA,NA,NA,NA,NA,NA,NA,NA,NA,NA,NA,NA,NA,NA,NA,NA,NA,NA,NA,0,0.9991,0.9991,0.9991,0.9991,0.999,0.9989,0.9991,0.9991,0.9991,0.9991,0.9991,0.9991,0.9991,0.9991,0.9991,0.9991,0.9991,0.9991,0.9991,0.9991,0.9991,0.9983,0.9991,0.9991,0.9991,0.9991,0.9991,0.9991,0.9991,0.9991
"82","7CE044001AB3",NA,NA,NA,NA,NA,NA,NA,NA,NA,NA,NA,NA,NA,NA,NA,NA,NA,NA,NA,NA,NA,NA,NA,NA,NA,NA,NA,NA,NA,NA,NA,NA,NA,NA,NA,NA,NA,NA,NA,NA,NA,NA,NA,NA,NA,NA,NA,NA,NA,NA,NA,NA,NA,NA,NA,NA,NA,NA,NA,NA,NA,NA,NA,NA,NA,NA,NA,NA,NA,NA,NA,NA,NA,NA,NA,NA,NA,NA,NA,NA,NA,NA,NA,NA,NA,NA,NA,NA,NA,NA,NA,NA,NA,NA,NA,NA,NA,NA,NA,NA,NA,NA,NA,NA,0,0.9991,0.9991,0.9982,0.9991,0.999,0.999,0.999,0.9991,0.9978,0.9991,0.9991,0.9991,0.9991,0.9991,0.9991,0.9991,0.999,0.9991,0.9991,0.9991,0.9991,0.9991,0.999,0.9981,0.999,0.999,0.9991,0.999,0.9991,0.9991
"83","7CE044001AC0",NA,NA,NA,NA,NA,NA,NA,NA,NA,NA,NA,NA,NA,NA,NA,NA,NA,NA,NA,NA,NA,NA,NA,NA,NA,NA,NA,NA,NA,NA,NA,NA,NA,NA,NA,NA,NA,NA,NA,NA,NA,NA,NA,NA,NA,NA,NA,NA,NA,NA,NA,NA,NA,NA,NA,NA,NA,NA,NA,NA,NA,NA,NA,NA,NA,NA,NA,NA,NA,NA,NA,NA,NA,NA,NA,NA,NA,NA,NA,NA,NA,NA,NA,NA,NA,NA,NA,NA,NA,NA,NA,NA,NA,NA,NA,NA,NA,NA,NA,NA,NA,NA,NA,NA,0,0.9991,0.9991,0.9991,0.9991,0.999,0.9989,0.9991,0.9991,0.9991,0.9991,0.9991,0.9991,0.9991,0.9991,0.9991,0.9991,0.9991,0.9991,0.9991,0.9991,0.9991,0.9991,0.9991,0.9991,0.9991,0.9991,0.9991,0.9991,0.9991,0.9991
"84","7CE044001CD8",NA,NA,NA,NA,NA,NA,NA,NA,NA,NA,NA,NA,NA,NA,NA,NA,NA,NA,NA,NA,NA,NA,NA,NA,NA,NA,NA,NA,NA,NA,NA,NA,NA,NA,NA,NA,NA,NA,NA,NA,NA,NA,NA,NA,NA,NA,NA,NA,NA,NA,NA,NA,NA,NA,NA,NA,NA,NA,NA,NA,NA,NA,NA,NA,NA,NA,NA,NA,NA,NA,NA,NA,NA,NA,NA,NA,NA,NA,NA,NA,NA,NA,NA,NA,NA,NA,NA,NA,NA,NA,NA,NA,NA,NA,NA,NA,NA,NA,NA,NA,NA,NA,NA,NA,0.9992,0.9991,0.9991,0.9991,0.9991,0.999,0.9989,0.9991,0.9991,0.9991,0.9991,0.9991,0.9991,0.9991,0.9991,0.9991,0.9991,0.9991,0.9991,0.9991,0.9991,0.9991,0.9979,0.9991,0.9991,0.9991,0.9991,0.9991,0.9991,0.9991,0.9991
"85","7CE044001D2E",NA,NA,NA,NA,NA,NA,NA,NA,NA,NA,NA,NA,NA,NA,NA,NA,NA,NA,NA,NA,NA,NA,NA,NA,NA,NA,NA,NA,NA,NA,NA,NA,NA,NA,NA,NA,NA,NA,NA,NA,NA,NA,NA,NA,NA,NA,NA,NA,NA,NA,NA,NA,NA,NA,NA,NA,NA,NA,NA,NA,NA,NA,NA,NA,NA,NA,NA,NA,NA,NA,NA,NA,NA,NA,NA,NA,NA,NA,NA,NA,NA,NA,NA,NA,NA,NA,NA,NA,NA,NA,NA,NA,NA,NA,NA,NA,NA,NA,NA,NA,NA,NA,NA,NA,0,0.9991,0.9991,0.9978,0.9917,0.9681,0.9929,0.9991,0.9991,0.9991,0.9991,0.9991,0.9991,0.9991,0.9991,0.9991,0.9991,0.9991,0.9991,0.9991,0.9991,0.9991,0.9991,0.9991,0.9991,0.9991,0.9991,0.9991,0.9991,0.9991,0.9991
"86","7CE044001E29",NA,NA,NA,NA,NA,NA,NA,NA,NA,NA,NA,NA,NA,NA,NA,NA,NA,NA,NA,NA,NA,NA,NA,NA,NA,NA,NA,NA,NA,NA,NA,NA,NA,NA,NA,NA,NA,NA,NA,NA,NA,NA,NA,NA,NA,NA,NA,NA,NA,NA,NA,NA,NA,NA,NA,NA,NA,NA,NA,NA,NA,NA,NA,NA,NA,NA,NA,NA,NA,NA,NA,NA,NA,NA,NA,NA,NA,NA,NA,NA,NA,NA,NA,NA,NA,NA,NA,NA,NA,NA,NA,NA,NA,NA,NA,NA,NA,NA,NA,NA,NA,NA,NA,NA,1e-04,0.9991,0.9991,0.9991,0.9991,0.999,0.9989,0.9991,0.9991,0.9991,0.9991,0.9991,0.9991,0.9991,0.9991,0.9991,0.9991,0.9991,0.9991,0.9991,0.9991,0.9991,0.9991,0.9991,0.9991,0.999,0.999,0.9991,0.9991,0.9991,0.9991
"87","7CE044001E3B",NA,NA,NA,NA,NA,NA,NA,NA,NA,NA,NA,NA,NA,NA,NA,NA,NA,NA,NA,NA,NA,NA,NA,NA,NA,NA,NA,NA,NA,NA,NA,NA,NA,NA,NA,NA,NA,NA,NA,NA,NA,NA,NA,NA,NA,NA,NA,NA,NA,NA,NA,NA,NA,NA,NA,NA,NA,NA,NA,NA,NA,NA,NA,NA,NA,NA,NA,NA,NA,NA,NA,NA,NA,NA,NA,NA,NA,NA,NA,NA,NA,NA,NA,NA,NA,NA,NA,NA,NA,NA,NA,NA,NA,NA,NA,NA,NA,NA,NA,NA,NA,NA,NA,NA,0.9984,0.9991,0.9991,0.9991,0.9991,0.999,0.9989,0.9991,0.9991,0.9991,0.9991,0.9991,0.9991,0.9991,0.9991,0.9991,0.9991,0.9991,0.9991,0.9991,0.9991,0.9991,0.9991,0.9991,0.9991,0.9991,0.9991,0.9991,0.9991,0.9991,0.9991
"88","7CE044001E4B",NA,NA,NA,NA,NA,NA,NA,NA,NA,NA,NA,NA,NA,NA,NA,NA,NA,NA,NA,NA,NA,NA,NA,NA,NA,NA,NA,NA,NA,NA,NA,NA,NA,NA,NA,NA,NA,NA,NA,NA,NA,NA,NA,NA,NA,NA,NA,NA,NA,NA,NA,NA,NA,NA,NA,NA,NA,NA,NA,NA,NA,NA,NA,NA,NA,NA,NA,NA,NA,NA,NA,NA,NA,NA,NA,NA,NA,NA,NA,NA,NA,NA,NA,NA,NA,NA,NA,NA,NA,NA,NA,NA,NA,NA,NA,NA,NA,NA,NA,NA,NA,NA,NA,NA,0,0.9991,0.9991,0.9991,0.9991,0.976,0.9979,0.9982,0.9991,0.9991,0.9991,0.9991,0.9991,0.9991,0.9991,0.9991,0.9979,0.9969,0.9991,0.9991,0.9991,0.9991,0.9991,0.9991,0.998,0.9957,0.9991,0.9991,0.9991,0.9991,0.9991
"89","7CE044001E5B",NA,NA,NA,NA,NA,NA,NA,NA,NA,NA,NA,NA,NA,NA,NA,NA,NA,NA,NA,NA,NA,NA,NA,NA,NA,NA,NA,NA,NA,NA,NA,NA,NA,NA,NA,NA,NA,NA,NA,NA,NA,NA,NA,NA,NA,NA,NA,NA,NA,NA,NA,NA,NA,NA,NA,NA,NA,NA,NA,NA,NA,NA,NA,NA,NA,NA,NA,NA,NA,NA,NA,NA,NA,NA,NA,NA,NA,NA,NA,NA,NA,NA,NA,NA,NA,NA,NA,NA,NA,NA,NA,NA,NA,NA,NA,NA,NA,NA,NA,NA,NA,NA,NA,NA,0,0.9991,0.9991,0.9991,0.9991,0.9869,0.9989,0.9991,0.9986,0.9991,0.9991,0.9991,0.9991,0.9991,0.9991,0.9986,0.9991,0.9991,0.9991,0.9991,0.9991,0.9991,0.9986,0.9991,0.9991,0.9991,0.9991,0.9991,0.9991,0.9991,0.9991
"90","7CE044001E5F",NA,NA,NA,NA,NA,NA,NA,NA,NA,NA,NA,NA,NA,NA,NA,NA,NA,NA,NA,NA,NA,NA,NA,NA,NA,NA,NA,NA,NA,NA,NA,NA,NA,NA,NA,NA,NA,NA,NA,NA,NA,NA,NA,NA,NA,NA,NA,NA,NA,NA,NA,NA,NA,NA,NA,NA,NA,NA,NA,NA,NA,NA,NA,NA,NA,NA,NA,NA,NA,NA,NA,NA,NA,NA,NA,NA,NA,NA,NA,NA,NA,NA,NA,NA,NA,NA,NA,NA,NA,NA,NA,NA,NA,NA,NA,NA,NA,NA,NA,NA,NA,NA,NA,NA,0,0.9991,0.9991,0.999,0.9991,0.999,0.9989,0.9985,0.9986,0.999,0.9991,0.9991,0.9991,0.9991,0.9991,0.9991,0.9991,0.999,0.9991,0.9991,0.9991,0.9991,0.9991,0.999,0.9991,0.999,0.999,0.9991,0.999,0.9991,0.9991
"91","7CE044001EB6",NA,NA,NA,NA,NA,NA,NA,NA,NA,NA,NA,NA,NA,NA,NA,NA,NA,NA,NA,NA,NA,NA,NA,NA,NA,NA,NA,NA,NA,NA,NA,NA,NA,NA,NA,NA,NA,NA,NA,NA,NA,NA,NA,NA,NA,NA,NA,NA,NA,NA,NA,NA,NA,NA,NA,NA,NA,NA,NA,NA,NA,NA,NA,NA,NA,NA,NA,NA,NA,NA,NA,NA,NA,NA,NA,NA,NA,NA,NA,NA,NA,NA,NA,NA,NA,NA,NA,NA,NA,NA,NA,NA,NA,NA,NA,NA,NA,NA,NA,NA,NA,NA,NA,NA,0,0.9991,0.9991,0.9991,0.9991,0.999,0.999,0.9991,0.9991,0.9991,0.9991,0.9991,0.9991,0.9991,0.9991,0.9991,0.9991,0.9991,0.9991,0.9991,0.9991,0.9991,0.9991,0.9991,0.9991,0.999,0.999,0.9991,0.9991,0.9991,0.9991
"92","7CE044001EF8",NA,NA,NA,NA,NA,NA,NA,NA,NA,NA,NA,NA,NA,NA,NA,NA,NA,NA,NA,NA,NA,NA,NA,NA,NA,NA,NA,NA,NA,NA,NA,NA,NA,NA,NA,NA,NA,NA,NA,NA,NA,NA,NA,NA,NA,NA,NA,NA,NA,NA,NA,NA,NA,NA,NA,NA,NA,NA,NA,NA,NA,NA,NA,NA,NA,NA,NA,NA,NA,NA,NA,NA,NA,NA,NA,NA,NA,NA,NA,NA,NA,NA,NA,NA,NA,NA,NA,NA,NA,NA,NA,NA,NA,NA,NA,NA,NA,NA,NA,NA,NA,NA,NA,NA,0,0.9991,0.9991,0.9991,0.9991,0.9759,0.9989,0.9991,0.9991,0.9991,0.9991,0.9991,0.9991,0.9991,0.9991,0.9991,0.9991,0.9991,0.9991,0.9991,0.9991,0.9991,0.9982,0.9991,0.9991,0.9991,0.9991,0.9991,0.9991,0.9991,0.9991
"93","7CE0440021CB",NA,NA,NA,NA,NA,NA,NA,NA,NA,NA,NA,NA,NA,NA,NA,NA,NA,NA,NA,NA,NA,NA,NA,NA,NA,NA,NA,NA,NA,NA,NA,NA,NA,NA,NA,NA,NA,NA,NA,NA,NA,NA,NA,NA,NA,NA,NA,NA,NA,NA,NA,NA,NA,NA,NA,NA,NA,NA,NA,NA,NA,NA,NA,NA,NA,NA,NA,NA,NA,NA,NA,NA,NA,NA,NA,NA,NA,NA,NA,NA,NA,NA,NA,NA,NA,NA,NA,NA,NA,NA,NA,NA,NA,NA,NA,NA,NA,NA,NA,NA,NA,NA,NA,NA,0,0.9991,0.9991,0.9991,0.9991,0.9867,0.999,0.9991,0.9991,0.9991,0.9991,0.9991,0.9991,0.9991,0.9991,0.9991,0.9991,0.9991,0.9991,0.9991,0.9991,0.9991,0.9991,0.9991,0.9991,0.9991,0.9991,0.9991,0.9991,0.9991,0.9991
"94","7CE0440021CE",NA,NA,NA,NA,NA,NA,NA,NA,NA,NA,NA,NA,NA,NA,NA,NA,NA,NA,NA,NA,NA,NA,NA,NA,NA,NA,NA,NA,NA,NA,NA,NA,NA,NA,NA,NA,NA,NA,NA,NA,NA,NA,NA,NA,NA,NA,NA,NA,NA,NA,NA,NA,NA,NA,NA,NA,NA,NA,NA,NA,NA,NA,NA,NA,NA,NA,NA,NA,NA,NA,NA,NA,NA,NA,NA,NA,NA,NA,NA,NA,NA,NA,NA,NA,NA,NA,NA,NA,NA,NA,NA,NA,NA,NA,NA,NA,NA,NA,NA,NA,NA,NA,NA,NA,0,0.9991,0.9991,0.999,0.9991,0.9989,0.999,0.9984,0.9986,0.999,0.9991,0.9991,0.9991,0.9991,0.9991,0.9991,0.9991,0.9989,0.9991,0.9991,0.9991,0.9991,0.9991,0.999,0.9991,0.999,0.999,0.9991,0.999,0.9991,0.9991
"95","7CE0440021F2",NA,NA,NA,NA,NA,NA,NA,NA,NA,NA,NA,NA,NA,NA,NA,NA,NA,NA,NA,NA,NA,NA,NA,NA,NA,NA,NA,NA,NA,NA,NA,NA,NA,NA,NA,NA,NA,NA,NA,NA,NA,NA,NA,NA,NA,NA,NA,NA,NA,NA,NA,NA,NA,NA,NA,NA,NA,NA,NA,NA,NA,NA,NA,NA,NA,NA,NA,NA,NA,NA,NA,NA,NA,NA,NA,NA,NA,NA,NA,NA,NA,NA,NA,NA,NA,NA,NA,NA,NA,NA,NA,NA,NA,NA,NA,NA,NA,NA,NA,NA,NA,NA,NA,NA,0,0.9991,0.9991,0.9991,0.9991,0.987,0.9979,0.9991,0.9986,0.9991,0.9991,0.9991,0.9991,0.9991,0.9991,0.9986,0.9991,0.9991,0.9991,0.9991,0.9991,0.9991,0.9986,0.9991,0.9991,0.9991,0.9991,0.9991,0.9991,0.9991,0.9991
"96","7CE0440022D0",NA,NA,NA,NA,NA,NA,NA,NA,NA,NA,NA,NA,NA,NA,NA,NA,NA,NA,NA,NA,NA,NA,NA,NA,NA,NA,NA,NA,NA,NA,NA,NA,NA,NA,NA,NA,NA,NA,NA,NA,NA,NA,NA,NA,NA,NA,NA,NA,NA,NA,NA,NA,NA,NA,NA,NA,NA,NA,NA,NA,NA,NA,NA,NA,NA,NA,NA,NA,NA,NA,NA,NA,NA,NA,NA,NA,NA,NA,NA,NA,NA,NA,NA,NA,NA,NA,NA,NA,NA,NA,NA,NA,NA,NA,NA,NA,NA,NA,NA,NA,NA,NA,NA,NA,0,0.9991,0.9991,0.9991,0.9982,0.976,0.9982,0.9991,0.9991,0.9991,0.9991,0.9991,0.9991,0.9991,0.9991,0.9991,0.9991,0.9991,0.9991,0.9991,0.9991,0.9991,0.9991,0.9991,0.9991,0.9991,0.9991,0.9991,0.9991,0.9991,0.9991
"97","7CE0440022D1",NA,NA,NA,NA,NA,NA,NA,NA,NA,NA,NA,NA,NA,NA,NA,NA,NA,NA,NA,NA,NA,NA,NA,NA,NA,NA,NA,NA,NA,NA,NA,NA,NA,NA,NA,NA,NA,NA,NA,NA,NA,NA,NA,NA,NA,NA,NA,NA,NA,NA,NA,NA,NA,NA,NA,NA,NA,NA,NA,NA,NA,NA,NA,NA,NA,NA,NA,NA,NA,NA,NA,NA,NA,NA,NA,NA,NA,NA,NA,NA,NA,NA,NA,NA,NA,NA,NA,NA,NA,NA,NA,NA,NA,NA,NA,NA,NA,NA,NA,NA,NA,NA,NA,NA,0,0.9991,0.9991,0.9991,0.9991,0.977,0.999,0.9991,0.9991,0.9991,0.9981,0.9991,0.9991,0.9991,0.9991,0.9991,0.9991,0.9991,0.9991,0.9991,0.9991,0.9991,0.9991,0.9991,0.9991,0.9991,0.9991,0.9991,0.9991,0.9991,0.9991
"98","7CE04400236A",NA,NA,NA,NA,NA,NA,NA,NA,NA,NA,NA,NA,NA,NA,NA,NA,NA,NA,NA,NA,NA,NA,NA,NA,NA,NA,NA,NA,NA,NA,NA,NA,NA,NA,NA,NA,NA,NA,NA,NA,NA,NA,NA,NA,NA,NA,NA,NA,NA,NA,NA,NA,NA,NA,NA,NA,NA,NA,NA,NA,NA,NA,NA,NA,NA,NA,NA,NA,NA,NA,NA,NA,NA,NA,NA,NA,NA,NA,NA,NA,NA,NA,NA,NA,NA,NA,NA,NA,NA,NA,NA,NA,NA,NA,NA,NA,NA,NA,NA,NA,NA,NA,NA,NA,0.9992,0.9991,0.9991,0.9991,0.9991,0.9981,0.9991,0.9993,0.9993,0.9993,0.9993,0.9993,0.9993,0.9993,0.9993,0.9993,0.9993,0.9993,0.9993,0.9993,0.9993,0.9993,0.9993,0.9993,0.9993,0.9993,0.9993,0.9993,0.9993,0.9993,0.9993
"99","7CE044001391",NA,NA,NA,NA,NA,NA,NA,NA,NA,NA,NA,NA,NA,NA,NA,NA,NA,NA,NA,NA,NA,NA,NA,NA,NA,NA,NA,NA,NA,NA,NA,NA,NA,NA,NA,NA,NA,NA,NA,NA,NA,NA,NA,NA,NA,NA,NA,NA,NA,NA,NA,NA,NA,NA,NA,NA,NA,NA,NA,NA,NA,NA,NA,NA,NA,NA,NA,NA,NA,NA,NA,NA,NA,NA,NA,NA,NA,NA,NA,NA,NA,NA,NA,NA,NA,NA,NA,NA,NA,NA,NA,NA,NA,NA,NA,NA,NA,NA,NA,NA,NA,NA,NA,NA,NA,NA,NA,NA,NA,0,0.9989,0.9991,0.9991,0.9991,0.9991,0.9991,0.9991,0.9991,0.9991,0.9991,0.9981,0.9991,0.9991,0.9991,0.9991,0.9991,0.9991,0.9991,0.9991,0.9991,0.9991,0.9991,0.9991,0.9991,0.9991
"100","7CE044001528",NA,NA,NA,NA,NA,NA,NA,NA,NA,NA,NA,NA,NA,NA,NA,NA,NA,NA,NA,NA,NA,NA,NA,NA,NA,NA,NA,NA,NA,NA,NA,NA,NA,NA,NA,NA,NA,NA,NA,NA,NA,NA,NA,NA,NA,NA,NA,NA,NA,NA,NA,NA,NA,NA,NA,NA,NA,NA,NA,NA,NA,NA,NA,NA,NA,NA,NA,NA,NA,NA,NA,NA,NA,NA,NA,NA,NA,NA,NA,NA,NA,NA,NA,NA,NA,NA,NA,NA,NA,NA,NA,NA,NA,NA,NA,NA,NA,NA,NA,NA,NA,NA,NA,NA,NA,NA,NA,NA,NA,0.9985,0.9989,0.9984,0.9986,0.999,0.9991,0.9991,0.9991,0.9991,0.9991,0.9991,0.9991,0.9989,0.9991,0.9991,0.9991,0.9991,0.9991,0.999,0.9991,0.999,0.999,0.9991,0.999,0.9991,0.9991
"101","7CE0440018DF",NA,NA,NA,NA,NA,NA,NA,NA,NA,NA,NA,NA,NA,NA,NA,NA,NA,NA,NA,NA,NA,NA,NA,NA,NA,NA,NA,NA,NA,NA,NA,NA,NA,NA,NA,NA,NA,NA,NA,NA,NA,NA,NA,NA,NA,NA,NA,NA,NA,NA,NA,NA,NA,NA,NA,NA,NA,NA,NA,NA,NA,NA,NA,NA,NA,NA,NA,NA,NA,NA,NA,NA,NA,NA,NA,NA,NA,NA,NA,NA,NA,NA,NA,NA,NA,NA,NA,NA,NA,NA,NA,NA,NA,NA,NA,NA,NA,NA,NA,NA,NA,NA,NA,NA,NA,NA,NA,NA,NA,0,0.9989,0.9991,0.9991,0.9991,0.9991,0.9991,0.9991,0.9991,0.9991,0.9991,0.9991,0.9991,0.9991,0.9991,0.9991,0.9991,0.9991,0.9991,0.9991,0.9991,0.9991,0.9991,0.9991,0.9991,0.9991
"102","7CE044001AB0",NA,NA,NA,NA,NA,NA,NA,NA,NA,NA,NA,NA,NA,NA,NA,NA,NA,NA,NA,NA,NA,NA,NA,NA,NA,NA,NA,NA,NA,NA,NA,NA,NA,NA,NA,NA,NA,NA,NA,NA,NA,NA,NA,NA,NA,NA,NA,NA,NA,NA,NA,NA,NA,NA,NA,NA,NA,NA,NA,NA,NA,NA,NA,NA,NA,NA,NA,NA,NA,NA,NA,NA,NA,NA,NA,NA,NA,NA,NA,NA,NA,NA,NA,NA,NA,NA,NA,NA,NA,NA,NA,NA,NA,NA,NA,NA,NA,NA,NA,NA,NA,NA,NA,NA,NA,NA,NA,NA,NA,0,0.9989,0.9991,0.9985,0.9991,0.9991,0.9991,0.9991,0.9991,0.9991,0.9986,0.9991,0.9991,0.9991,0.9991,0.9991,0.9991,0.9986,0.9991,0.9991,0.9991,0.9991,0.9991,0.9991,0.9991,0.9991
"103","7CE044001ACE",NA,NA,NA,NA,NA,NA,NA,NA,NA,NA,NA,NA,NA,NA,NA,NA,NA,NA,NA,NA,NA,NA,NA,NA,NA,NA,NA,NA,NA,NA,NA,NA,NA,NA,NA,NA,NA,NA,NA,NA,NA,NA,NA,NA,NA,NA,NA,NA,NA,NA,NA,NA,NA,NA,NA,NA,NA,NA,NA,NA,NA,NA,NA,NA,NA,NA,NA,NA,NA,NA,NA,NA,NA,NA,NA,NA,NA,NA,NA,NA,NA,NA,NA,NA,NA,NA,NA,NA,NA,NA,NA,NA,NA,NA,NA,NA,NA,NA,NA,NA,NA,NA,NA,NA,NA,NA,NA,NA,NA,0,0.9989,0.9991,0.9986,0.9991,0.9991,0.9991,0.9991,0.9991,0.9991,0.9986,0.9991,0.9991,0.9991,0.9991,0.9991,0.9991,0.9986,0.9991,0.9991,0.9991,0.9991,0.9991,0.9991,0.9983,0.9991
